plot,scan_plot,tag,stem_id,distance_m,direction_deg,x_canopy_dim_m,y_canopy_dim_m,notes_scan,base_stem_id,height_m,dec_latitude,dec_longitude,species_binomial,dbh_cm
5,1,24,5_24,3,80,NA,NA,no record,5_24,NA,-15.12527302,14.77014796,Combretum hereroense,6.1
5,1,25,5_25,4.7,347,2.1,3.8,NA,5_25,3.2,-15.125227,14.77011099,Terminalia sericea,5.3
5,2,39,5_39,1.9,180,1.3,1.4,NA,5_39,3.2,-15.12508803,14.77039397,Diplorhynchus condylocarpon,8.9
5,2,40,5_40,1.3,152,1,0.9,NA,5_39,3.2,-15.12508803,14.77039397,Diplorhynchus condylocarpon,6
5,2,41,5_41,4.5,240,17.6,18.1,NA,5_41,22.2,-15.12510002,14.77038701,Brachystegia glaucescens,77.4
5,3,60,5_60,3.8,150,6.9,9.2,NA,5_60,10.8,-15.12490598,14.77066504,Brachystegia sp. plot_5,45.2
5,4,102,5_102,2.5,49,19.2,20.8,NA,5_103,17,-15.12509599,14.770803,Brachystegia sp. plot_5,57.3
5,4,103,5_103,2,50,NA,NA,no record,5_103,17,-15.12509599,14.770803,Brachystegia sp. plot_5,66.5
5,6,170,5_170,8,10,2.3,2.3,NA,5_170,3.4,-15.12558298,14.77025902,Julbernardia paniculata,6.8
5,6,171,5_171,8,10,2.3,2.3,NA,5_170,3.4,-15.12558298,14.77025902,Julbernardia paniculata,6.2
5,6,174,5_174,3.5,310,3.6,3.7,NA,5_174,10.4,-15.12553303,14.77027997,Brachystegia sp. plot_5,11
5,6,178,5_178,2.4,360,3.2,3.5,NA,5_178,10.4,-15.12553202,14.77031602,Burkea africana,9.8
5,6,179,5_179,2.4,360,3.2,3.5,NA,5_178,10.4,-15.12553202,14.77031602,Burkea africana,9.8
5,6,180,5_180,2.4,360,3.2,3.5,NA,5_178,10.4,-15.12553202,14.77031602,Burkea africana,8.6
5,6,181,5_181,1.8,310,1.9,1.8,NA,5_181,2.8,-15.12555096,14.77034401,Julbernardia paniculata,6.5
5,6,182,5_182,1.8,310,1.9,1.8,NA,5_181,2.8,-15.12555096,14.77034401,Julbernardia paniculata,8.3
5,5,227,5_227,2.9,310,2.5,2.5,NA,5_227,5.2,-15.12533303,14.77055297,Brachystegia sp. plot_5,8.4
5,5,229,5_229,1.9,340,3.4,2.7,NA,5_229,3.2,-15.12536899,14.77061299,Combretum hereroense,7.8
5,5,230,5_230,5,70,2.8,3.3,NA,5_230,5,-15.12535198,14.77060502,Julbernardia paniculata,9
5,5,231,5_231,1,120,3.2,1.5,NA,5_231,5,-15.12534401,14.77060704,Brachystegia sp. plot_5,8.1
5,5,232,5_232,0.9,120,3.2,1.5,NA,5_231,5,-15.12534401,14.77060704,Brachystegia sp. plot_5,5.9
5,5,233,5_233,0.9,108,2.8,2.5,NA,5_233,5,-15.12534804,14.77060704,Julbernardia paniculata,9.2
5,5,234,5_234,2.6,112,1.5,1.7,NA,5_234,5,-15.12528098,14.77062397,Julbernardia paniculata,7.6
5,5,235,5_235,2.8,100,2.7,2.3,NA,5_235,5,-15.12528098,14.77062397,Julbernardia paniculata,7.3
5,7,567,5_567,5,60,3.2,4.9,NA,5_564,6.4,-15.12579102,14.77051903,Julbernardia paniculata,13.5
5,7,568,5_568,4.9,360,3.4,2.6,NA,5_568,4.8,-15.12579404,14.77049002,Burkea africana,6.1
5,7,569,5_569,2.1,220,3.5,3.5,NA,5_569,4.8,-15.12581801,14.77046303,Pericopsis angolensis,6.4
5,7,570,5_570,2.1,220,3.5,3.5,NA,5_569,4.8,-15.12581801,14.77046303,Pericopsis angolensis,7.3
5,7,571,5_571,2.1,220,3.5,3.5,NA,5_569,4.8,-15.12581801,14.77046303,Pericopsis angolensis,6
5,7,572,5_572,2.1,220,3.5,3.5,NA,5_569,4.8,-15.12581801,14.77046303,Pericopsis angolensis,8.3
5,8,613,5_613,4.5,83,6,5.3,NA,5_613,7.8,-15.12563604,14.77082698,Pericopsis angolensis,24.5
5,9,657,5_657,1,50,3.6,2.7,NA,5_657,5.2,-15.12547703,14.77106997,Julbernardia paniculata,8.2
5,9,658,5_658,1.5,60,2.6,2.7,NA,5_657,5.2,-15.12547703,14.77106997,Julbernardia paniculata,9.1
5,9,659,5_659,0.5,60,2.3,3,NA,5_659,5.2,-15.12547703,14.77106997,Julbernardia paniculata,8.3
5,9,660,5_660,0.5,60,3.3,3.3,NA,5_659,5.2,-15.12547703,14.77106997,Julbernardia paniculata,6.2
5,9,661,5_661,2.3,240,2.4,2.4,NA,5_661,5.2,-15.12549799,14.77102697,Julbernardia paniculata,5.9
5,9,662,5_662,3.5,180,2.4,4.1,NA,5_662,4.9,-15.12550604,14.77103904,Julbernardia paniculata,7.5
5,9,663,5_663,3.6,200,4.1,4.1,NA,5_662,4.9,-15.12550604,14.77103904,Julbernardia paniculata,10.1
5,9,664,5_664,3.6,148,2.5,2.5,NA,5_664,4.9,-15.12552196,14.77105597,Julbernardia paniculata,6.5
6,1,18,6_18,7.2,198,4,10,NA,6_18,7.4,-15.12633299,14.72363099,Julbernardia paniculata,15.7
6,1,19,6_19,7,21,NA,NA,no record,6_19,8,-15.126334,14.72365597,Julbernardia paniculata,13.5
6,1,20,6_20,5.7,4,2.5,2.3,NA,6_20,6.5,-15.12634699,14.72365203,Julbernardia paniculata,8
6,1,24,6_24,5.3,50,2.2,2.5,NA,6_24,8.4,-15.12637298,14.72366201,Julbernardia paniculata,10.2
6,1,25,6_25,3,50,2.8,2.4,NA,6_25,8.4,-15.12637298,14.72366603,Julbernardia paniculata,12.8
6,1,26,6_26,7.1,98,2.1,2.8,NA,6_26,6,-15.12644196,14.72370199,Julbernardia paniculata,10.4
6,2,63,6_63,6.5,321,1.7,1.8,NA,6_63,5.3,-15.12631204,14.72390902,Julbernardia paniculata,8.6
6,2,64,6_64,4.4,322,4.9,11.5,NA,6_64,5.4,-15.12632604,14.723919,Julbernardia paniculata,6.5
6,2,65,6_65,6.1,299,3.5,3.4,NA,6_65,8.6,-15.12632604,14.72390701,Julbernardia paniculata,13
6,2,74,6_74,8.9,221,2.9,5.1,NA,6_74,7.8,-15.12642796,14.72391103,Julbernardia paniculata,13.2
6,2,77,6_77,6.8,32,8.7,9.4,NA,6_77,13.8,-15.126306,14.72399804,Julbernardia paniculata,38
6,2,78,6_78,5.1,40,6.8,6.2,NA,6_78,8,-15.12632503,14.72399804,Julbernardia paniculata,23
6,2,79,6_79,8.7,140,5.2,7.1,NA,6_79,7.6,-15.12636703,14.72404799,Julbernardia paniculata,17.7
6,3,158,6_158,5.5,266,2.5,2.2,NA,6_157,5,-15.12632897,14.724236,Pteleopsis anisoptera,7.6
6,3,159,6_159,2.8,270,1.7,1.2,NA,6_159,2.6,-15.12633501,14.72424899,Strychnos pungens,6.2
6,3,160,6_160,4.9,220,2.3,2,NA,6_160,4,-15.12633903,14.72425503,Pteleopsis anisoptera,8.2
6,3,162,6_162,5.5,212,2.1,1.1,NA,6_162,5,-15.12634699,14.72425302,Pteleopsis anisoptera,6.5
6,3,163,6_163,5.6,70,2.1,1.1,NA,6_163,5,-15.126349,14.72425503,Pteleopsis anisoptera,5.6
6,3,178,6_178,4.5,64,1.2,1.1,NA,6_178,3.8,-15.12634104,14.72431697,Lonchocarpus nelsii,7
6,6,405,6_405,4.6,180,2.9,2.4,NA,6_405,5.8,-15.12675896,14.723703,Julbernardia paniculata,8.9
6,6,407,6_407,5,210,2.2,2.6,NA,6_407,5.6,-15.12677497,14.72368497,Julbernardia paniculata,5.4
6,5,416,6_416,1.6,78,2.2,2.8,NA,6_416,5.8,-15.12675201,14.72384197,Julbernardia paniculata,7.3
6,5,455,6_455,0.7,245,2,1.5,NA,6_455,4.6,-15.12668696,14.72398303,Julbernardia paniculata,5.9
6,4,507,6_507,6.3,280,1.8,1.4,NA,6_507,6,-15.12665,14.72426601,Julbernardia paniculata,10.4
6,4,517,6_517,1.6,160,1.2,1.7,NA,6_517,4.6,-15.12665503,14.72435997,Julbernardia paniculata,5.8
6,4,518,6_518,2.1,30,5.1,4.5,NA,6_518,8.8,-15.12665201,14.72435502,Julbernardia paniculata,12
6,4,521,6_521,5.2,62,4.5,4.7,NA,6_521,8.8,-15.12661798,14.72434999,Julbernardia paniculata,14.5
6,4,522,6_522,4.3,63,2.2,2.3,NA,6_522,3.4,-15.12665201,14.72441403,Pteleopsis anisoptera,5.7
6,7,664,6_664,10.3,340,9.7,11.3,NA,6_664,13.6,-15.12697304,14.72365698,Julbernardia paniculata,34.3
6,7,667,6_667,4.7,296,10.6,10.7,NA,6_667,13.8,-15.12702802,14.72364902,Julbernardia paniculata,37.5
6,7,678,6_678,6.4,124,5.6,4.9,NA,6_678,8.6,-15.12699902,14.72392201,Julbernardia paniculata,17.9
6,8,689,6_689,5.9,334,10.1,9.2,NA,6_689,12.8,-15.12711,14.72406602,Julbernardia paniculata,36.2
6,8,690,6_690,2.5,352,3.1,3.4,NA,6_690,3.6,-15.12710698,14.72405504,Lonchocarpus nelsii,7.4
6,8,693,6_693,3.4,248,2.4,2.1,NA,6_693,5.8,-15.127024,14.72403903,Lonchocarpus nelsii,10.5
6,8,694,6_694,2.4,208,2.3,2.1,NA,6_694,5.8,-15.12697999,14.72404003,Julbernardia paniculata,11.1
6,8,695,6_695,5.2,224,4.4,4.7,NA,6_695,7.2,-15.12694898,14.72404498,Julbernardia paniculata,13.6
6,8,698,6_698,7.6,172,3.8,4.4,NA,6_698,7,-15.12697698,14.72406903,Julbernardia paniculata,17.7
6,8,702,6_702,5.1,152,8,1.5,NA,6_702,6.8,-15.12696197,14.72409502,Julbernardia paniculata,5.2
6,8,703,6_703,3.1,180,4,8,NA,6_703,6.8,-15.12699399,14.72411304,Julbernardia paniculata,5
6,8,704,6_704,2.9,21,2.1,1.4,NA,6_704,6.6,-15.12699299,14.72409803,Julbernardia paniculata,8.1
6,8,705,6_705,6.3,4,1.4,2.1,NA,6_705,6.7,-15.12699902,14.72409602,Julbernardia paniculata,11.4
6,8,706,6_706,5.5,50,1.4,1.1,NA,6_706,7,-15.12703297,14.72408697,Julbernardia paniculata,7.4
6,8,707,6_707,7.2,38,2.9,4.9,NA,6_707,7,-15.127068,14.724092,Julbernardia paniculata,11.2
6,8,708,6_708,6.6,64,2.6,2.5,NA,6_708,6.6,-15.12710799,14.72409401,Julbernardia paniculata,10.3
6,8,709,6_709,5.8,86,1.2,1.3,NA,6_709,6.4,-15.12710799,14.72409703,Julbernardia paniculata,6
6,9,729,6_729,6.5,222,11.7,11.3,NA,6_729,15.4,-15.126952,14.72414698,Julbernardia paniculata,38
6,9,731,6_731,3.2,316,4.5,4.1,NA,6_731,9.4,-15.12706004,14.72439802,Julbernardia paniculata,15.2
6,9,742,6_742,12,164,18.1,22.2,NA,6_740,22.8,NA,NA,Brachystegia glaucescens,34.6
6,7,NA,NA,5.6,2,NA,NA,"no record, no tag on tree, next to tag 667",NA,NA,NA,NA,NA,NA
7,1,38,7_38,3.1,72,3,4.4,NA,7_38,7.8,-15.12876702,14.69172603,Brachystegia sp. plot_6,11.1
7,1,36,7_36,5.6,78,4.5,4.2,NA,7_35,14.8,-15.12873801,14.69175101,Brachystegia sp. plot_6,12.4
7,1,35,7_35,5.6,76,4.5,4.2,NA,7_35,14.8,-15.12873801,14.69175101,Brachystegia sp. plot_6,14
7,1,37,7_37,1.2,58,5.2,2,NA,7_37,9.6,-15.12874003,14.69171396,Combretum collinum,11.9
7,1,15,7_15,1.2,2,3.6,2.8,NA,7_15,9.2,-15.12875101,14.69170198,Brachystegia sp. plot_6,12.6
7,1,34,7_34,7.2,6,4,3.4,NA,7_34,6.2,-15.12870901,14.69171598,Combretum collinum,9.3
7,1,14,7_14,4,0,2.5,1.7,NA,7_14,9,-15.12869996,14.69170198,Brachystegia sp. plot_6,8
7,1,4,7_4,5.3,310,3.6,4,NA,7_4,8,-15.128722,14.69165999,Brachystegia sp. plot_6,11.6
7,1,5,7_5,7.3,282,7.1,5.7,NA,7_5,14.6,-15.128765,14.69162604,Brachystegia sp. plot_6,20.3
7,1,13,7_13,3.6,290,2.9,2.7,NA,7_13,7,-15.12874698,14.69168899,Brachystegia sp. plot_6,9.5
7,1,11,7_11,4.4,270,3,2.2,NA,7_11,3.4,-15.12872502,14.69168102,Combretum collinum,6.2
7,1,12,7_12,3.5,266,2.6,3,NA,7_12,7,-15.12875402,14.69168999,Brachystegia sp. plot_6,9.6
7,1,10,7_10,5.8,242,2.9,3,NA,7_10,7.6,-15.128778,14.69165898,Brachystegia sp. plot_6,7.5
7,1,9,7_9,6.3,241,2.9,3.8,NA,7_9,8,-15.12876802,14.691663,Brachystegia sp. plot_6,10.8
7,1,17,7_17,5.3,216,3.9,2,NA,7_17,4.6,-15.12881203,14.69168002,Terminalia sericea,13.3
7,1,47,7_47,5.8,178,4.8,4,NA,7_47,7.8,-15.12878504,14.69173199,Brachystegia sp. plot_6,9
7,1,43,7_43,4.6,175,3.4,2.1,NA,7_43,3.2,-15.12881697,14.69169603,Bridelia mollis,5.5
7,1,44,7_44,5.3,170,7.1,6,NA,7_44,13.2,-15.12881597,14.69171296,Brachystegia sp. plot_6,22
7,1,42,7_42,3.5,170,3.6,2.1,NA,7_42,2.6,-15.12879199,14.691692,Bridelia mollis,5.2
7,1,41,7_41,2.8,154,1.8,0.5,NA,7_41,5,-15.12876098,14.69170701,Terminalia sericea,6.7
7,1,40,7_40,3.8,128,2.6,2.9,NA,7_40,9,-15.12876903,14.69172603,Brachystegia sp. plot_6,10.5
7,1,39,7_39,4.3,122,3.4,2.1,NA,7_39,9,-15.12876601,14.69172,Brachystegia sp. plot_6,13.7
7,2,91,7_91,4,359,9.9,10.3,NA,7_91,19.2,-15.12875201,14.69201596,Brachystegia sp. plot_6,37.2
7,2,128,7_128,5.2,38,2.5,1.8,NA,7_128,4.8,-15.12872997,14.69207497,Bridelia mollis,5.3
7,2,127,7_127,6.4,50,5.8,5.3,NA,7_127,13,-15.12871999,14.69207698,Brachystegia sp. plot_6,15.6
7,2,137,7_137,6.6,100,5.7,4.3,NA,7_137,17.2,-15.12875897,14.692094,Brachystegia sp. plot_6,18.9
7,2,136,7_136,4.6,108,1.6,1.7,NA,7_136,3.6,-15.12877196,14.69208797,Combretum hereroense,8.2
7,2,139,7_139,1.5,166,3.4,3.3,NA,7_139,17.2,-15.12874497,14.69211403,Brachystegia sp. plot_6,20.6
7,2,130,7_130,5,156,7.8,7.2,NA,7_130,10.6,-15.12879903,14.69205997,Brachystegia sp. plot_6,29
7,2,88,7_88,2.1,228,0.5,1,NA,7_88,4.3,-15.12878898,14.69204899,Albizia antunesiana,5.1
7,2,89,7_89,2.1,228,2.2,2.2,NA,7_89,3.7,-15.12878403,14.69202401,Albizia antunesiana,5.1
7,2,121,7_121,2.5,358,NA,NA,"Fallen, no XY",7_121,1.2,-15.12876299,14.69203801,Brachystegia sp. plot_6,13.5
7,3,221,7_221,4.5,32,2.9,1.8,NA,7_221,2.8,-15.128793,14.69238603,Bridelia mollis,6.1
7,3,217,7_217,5.9,62,1.6,2.2,NA,7_217,2.4,-15.12882401,14.69243799,Combretum hereroense,5.7
7,3,216,7_216,5.7,72,2.2,2.9,NA,7_216,2.6,-15.12881597,14.69241302,Combretum hereroense,5.6
7,3,215,7_215,4.7,84,3.4,3.6,NA,7_214,9.2,-15.12882996,14.69243498,Brachystegia sp. plot_6,12.3
7,3,214,7_214,5.7,94,4.6,4.6,NA,7_214,9.2,-15.12884304,14.69242902,Brachystegia sp. plot_6,21.1
7,3,222,7_222,4.6,90,5.1,4.2,NA,7_222,8.6,-15.12884103,14.69241603,Brachystegia sp. plot_6,16.2
7,3,212,7_212,7.1,90,2.6,3,NA,7_212,9.2,-15.128836,14.69244202,Brachystegia sp. plot_6,12.8
7,3,223,7_223,4,120,3.6,5,NA,7_223,8.6,-15.12884798,14.69241603,Brachystegia sp. plot_6,14.1
7,3,179,7_179,2.9,244,3.4,3.3,NA,7_179,7.2,-15.128851,14.69234797,Burkea africana,11.4
7,3,180,7_180,2.9,244,3.4,3.3,NA,7_179,7.2,-15.128851,14.69234797,Burkea africana,10.9
7,3,181,7_181,4,298,2.5,1.5,NA,7_181,5.8,-15.12885,14.69234101,Bridelia mollis,5.8
7,3,182,7_182,4,298,2.5,1.5,NA,7_182,5.8,-15.12885,14.69234101,Bridelia mollis,5.9
7,3,183,7_183,4,298,2.5,1.5,NA,7_183,5.8,-15.12885,14.69234101,Bridelia mollis,7.3
7,3,185,7_185,3.2,328,6.1,3.8,NA,7_185,8.4,-15.12881203,14.692339,Burkea africana,15.6
7,4,558,7_558,1.4,240,3,3,NA,7_558,2.6,-15.12918896,14.692338,Combretum collinum,6.5
7,4,554,7_554,5.6,320,5.6,3.4,NA,7_553,8.4,-15.12910699,14.69228704,Brachystegia sp. plot_7,12.3
7,4,553,7_553,5.9,320,5.6,3.4,NA,7_553,10.8,-15.12910699,14.69228704,Brachystegia sp. plot_7,13.2
7,4,555,7_555,3.8,340,3.8,2.3,NA,7_553,3.2,-15.12912601,14.69230003,Terminalia sericea,6.9
7,4,556,7_556,1,20,5.6,4,NA,7_556,4.6,-15.12913004,14.69231503,Brachystegia sp. plot_7,21.6
7,4,557,7_557,1.6,20,2.3,1.1,NA,7_557,1,-15.12913004,14.69231503,Brachystegia sp. plot_7,16
7,4,559,7_559,1.3,60,2.3,3,NA,7_559,4,-15.12916901,14.69234303,Combretum collinum,9
7,4,575,7_575,6,30,5.1,6.2,NA,7_575,13,-15.12913104,14.69237303,Brachystegia sp. plot_7,21.8
7,4,574,7_574,6.4,30,5.1,6.2,NA,7_574,13,-15.12913104,14.69237303,Brachystegia sp. plot_7,14.8
7,4,566,7_566,3.7,80,4.7,3.5,NA,7_566,7.4,-15.12914898,14.69237597,Brachystegia sp. plot_7,8.6
7,4,565,7_565,5.2,160,10.1,9.4,NA,7_564,17.4,-15.12916801,14.69239198,Brachystegia sp. plot_7,35.6
7,4,564,7_564,5.7,100,10.1,9.4,NA,7_564,17.4,-15.12916801,14.69239198,Brachystegia sp. plot_7,25.5
7,4,560,7_560,4.6,120,4.7,5.4,NA,7_560,17,-15.12917697,14.69235401,Brachystegia sp. plot_7,19.3
7,4,561,7_561,6.9,140,4.7,3.2,NA,7_561,3.8,-15.12920296,14.69237999,Combretum collinum,5.5
7,4,542,7_542,6.2,20,7.8,8.2,NA,7_540,13,-15.12925099,14.69229902,Brachystegia sp. plot_7,19.2
7,4,545,7_545,5.4,220,5.1,3.8,NA,7_545,10.6,-15.12909601,14.69226801,Brachystegia sp. plot_7,17.8
7,4,540,7_540,6.6,220,7.8,8.2,NA,7_540,13,-15.12925099,14.69229902,Brachystegia sp. plot_7,20.2
7,5,482,7_482,1.4,300,0.9,1.2,NA,7_482,3.6,-15.12911403,14.69196601,Combretum collinum,6.1
7,5,483,7_483,4,10,1.2,1,NA,7_483,3.6,-15.12908796,14.69197397,Pterocarpus lucens subsp. antunesi,6.8
7,5,485,7_485,4.1,10,1,1,NA,7_485,3.4,-15.12906298,14.69198101,Pterocarpus lucens subsp. antunesi,7.1
7,5,488,7_488,4.3,40,1.2,1.3,NA,7_488,3.8,-15.12908997,14.69198696,Combretum collinum,5
7,5,489,7_489,5,50,1.8,1.5,NA,7_489,3.8,-15.12907396,14.69201001,Combretum hereroense,6.2
7,6,953,7_953,6.4,40,0.9,1.8,NA,NA,NA,NA,NA,NA,NA
7,6,444,7_444,6.8,20,1.1,1.6,NA,7_444,4.2,-15.12902702,14.69167398,Burkea africana,6.2
7,6,455,7_455,6.6,60,1.9,1.8,NA,7_455,4.5,-15.129009,14.69176199,Combretum hereroense,8.5
7,7,723,7_723,3.4,120,1.5,2,Fallen,7_723,1.5,-15.12946003,14.69161497,Combretum collinum,6.2
7,7,717,7_717,3.6,340,0.8,1,NA,7_717,3,-15.12935601,14.69161598,Guibourtia coleosperma,6.6
7,7,718,7_718,3.2,340,0.5,1,NA,7_718,3,-15.12936297,14.691619,Combretum collinum,6.4
7,7,715,7_715,4.1,0,1,1,NA,7_715,3,-15.12939197,14.69158396,Guibourtia coleosperma,10
7,8,755,7_755,2.5,220,2.1,1.8,NA,7_755,3.8,-15.12948702,14.69194698,Combretum collinum,5.9
7,8,754,7_754,2.5,220,2.9,2.6,NA,7_754,4.8,-15.12948903,14.69192402,Terminalia sericea,8.8
7,8,753,7_753,4,260,1.6,2.1,NA,7_753,4.8,-15.12948199,14.69192603,Terminalia sericea,7.3
7,8,757,7_757,5.2,300,3.6,2.8,NA,7_757,4.6,-15.129454,14.69189703,Terminalia sericea,9
7,8,758,7_758,5.7,300,1.7,2.6,NA,7_758,4.6,-15.12945198,14.69189904,Terminalia sericea,8.7
7,8,760,7_760,1.5,340,1.4,1.5,NA,7_760,5.4,-15.12944997,14.69194396,Terminalia sericea,6
7,8,761,7_761,1.6,20,2.3,2.4,NA,7_761,4.8,-15.12945098,14.69194103,Terminalia sericea,6.1
7,8,762,7_762,1.4,20,2.3,2.3,NA,7_761,4.8,-15.12945098,14.69194103,Terminalia sericea,5.1
7,8,763,7_763,0.6,80,1.5,1.4,NA,7_763,5.2,-15.129469,14.69193701,Combretum collinum,8.6
7,9,795,7_795,4.2,210,1.6,0.8,NA,7_795,2.2,-15.12956497,14.69224404,Combretum collinum,7.1
7,9,838,7_838,3,190,14.9,13.8,NA,7_838,14.8,-15.12955802,14.69227002,Brachystegia sp. plot_7,61
7,9,796,7_796,3.4,260,2.2,2.3,NA,7_796,3.2,-15.12953002,14.69225502,Combretum collinum,7
7,9,797,7_797,3.8,280,2.1,2.1,NA,7_797,3,-15.12953203,14.69223297,Combretum collinum,5.7
7,9,798,7_798,4.5,290,1.6,1.3,NA,7_798,3,-15.12951401,14.692223,Combretum collinum,6.2
7,9,799,7_799,1.9,300,1.2,2.7,NA,7_799,3,-15.12950496,14.69224102,Combretum collinum,6.1
7,9,800,7_800,2.6,0,3,2.4,NA,7_800,3.2,-15.12949599,14.69224303,Combretum hereroense,7.7
7,9,801,7_801,5.4,340,2.5,2.8,NA,7_801,2.8,-15.12946296,14.69225099,Combretum collinum,6
7,9,834,7_834,4.1,60,1.3,1.7,NA,7_834,3.1,-15.129497,14.692296,Combretum collinum,5.4
7,9,833,7_833,4.2,70,1.7,2.2,NA,7_833,3.1,-15.12949004,14.69230598,Combretum collinum,6.6
7,9,835,7_835,4.9,80,2.6,2.2,NA,7_835,4.1,-15.12950999,14.69231696,Combretum collinum,6
8,1,30,8_30,4.3,132,1.3,1.4,NA,8_30,3.6,-15.10803203,14.87172598,Burkea africana,6.3
8,1,13,8_13,6.5,196,1.3,1.1,NA,8_13,5.2,-15.10805097,14.87146396,Terminalia sericea,6.7
8,1,14,8_14,5.4,2,1,2.8,NA,8_14,7,-15.10804997,14.87145902,Burkea africana,13.1
8,2,63,8_63,7.9,106,6.4,9.7,NA,8_63,16.4,-15.10806204,14.87190401,Burkea africana,40.5
8,2,62,8_62,4.3,162,1.1,1.1,NA,8_62,6.8,-15.10809498,14.87188096,Burkea africana,8.5
8,2,571,8_571,3.3,233,NA,NA,NA,8_571,5.6,-15.10807,14.87183603,Julbernardia paniculata,9
8,2,570,8_570,3.3,233,NA,NA,NA,8_570,5.8,-15.10807,14.87183603,Julbernardia paniculata,12
8,2,562,8_562,3,272,9.3,1.2,NA,8_562,1.5,-15.108055,14.87182698,Julbernardia paniculata,5.9
8,2,42,8_42,4.3,296,1.8,2.3,NA,8_42,6.6,-15.10797696,14.87200099,Julbernardia paniculata,8.1
8,3,94,8_94,3.6,48,2.4,2.8,NA,8_94,5.6,-15.10795299,14.87220299,Julbernardia paniculata,7.5
8,3,95,8_95,3.6,48,2.4,2.8,NA,8_94,5.6,-15.10796296,14.87220299,Julbernardia paniculata,8.5
8,3,73,8_73,2.8,189,6.4,4.8,NA,8_73,8,-15.10796498,14.87216502,Julbernardia paniculata,15.4
8,3,72,8_72,3.7,234,4.7,9.5,NA,8_72,13.2,-15.10796003,14.872132,Burkea africana,36.1
8,3,595,8_595,4.6,270,NA,NA,NA,8_595,3.8,-15.107984,14.87213502,Julbernardia paniculata,6.6
8,3,71,8_71,5.5,245,2.3,2.2,NA,8_71,8,-15.10801502,14.87209998,Julbernardia paniculata,9.7
8,3,70,8_70,6.3,252,10.8,11.8,NA,8_70,20,-15.108013,14.872104,Erythrophleum africanum,42.2
8,3,597,8_597,6.3,252,NA,NA,NA,8_597,1.6,-15.107983,14.87211398,Terminalia sericea,8.5
8,3,74,8_74,2.1,334,1.8,1.4,NA,8_74,2.8,-15.10795198,14.87216201,Combretum hereroense,5.2
8,3,84,8_84,10.2,334,5.9,5,NA,8_84,3.8,-15.10790798,14.87212798,Julbernardia paniculata,18.7
8,4,284,8_284,3,332,2.5,1.8,NA,8_284,8,-15.10822699,14.87224599,Erythrophleum africanum,12.8
8,4,288,8_288,9.3,146,6.7,7.5,NA,8_288,9.6,-15.10830997,14.87233199,Julbernardia paniculata,22.2
8,4,287,8_287,5.4,80,8.9,9.3,NA,8_287,13,-15.10831903,14.87227399,Burkea africana,30.7
8,4,285,8_285,4.7,257,7.3,7.3,NA,8_285,11.2,-15.10828299,14.87223904,Burkea africana,34.6
8,5,252,8_252,5,300,6,8.8,NA,8_252,14.2,-15.10836203,14.87191097,Julbernardia paniculata,26.4
8,5,256,8_256,5.8,300,8,4.3,NA,8_256,4.8,-15.10827502,14.87199102,Burkea africana,9.3
8,5,265,8_265,1.9,8,2.1,3,NA,8_265,5.6,-15.108358,14.87195699,Burkea africana,12
8,5,266,8_266,1.9,8,2.1,3,NA,8_265,5.6,-15.108358,14.87193,Burkea africana,6.7
8,5,272,8_272,3.8,108,1,0.9,NA,8_272,4.6,-15.108386,14.871989,Burkea africana,7.4
8,5,271,8_271,4.6,118,0.8,0.9,NA,8_271,4.6,-15.10838801,14.87197903,Burkea africana,9.6
8,5,270,8_270,3.2,122,2,2,NA,8_269,4.6,-15.10838097,14.87198004,Erythrophleum africanum,9.1
8,5,269,8_269,3.2,122,2,2,NA,8_269,4.8,-15.10839203,14.87198498,Erythrophleum africanum,9
8,5,268,8_268,3.8,148,2,2.1,NA,8_267,6.2,-15.10839002,14.87198398,Burkea africana,11
8,5,267,8_267,3.8,148,2,2,NA,8_267,6.2,-15.10838399,14.871974,Burkea africana,12
8,6,228,8_228,2.7,264,2.7,3,NA,8_227,6.8,-15.10842104,14.87163998,Burkea africana,12.9
8,6,227,8_227,2.9,270,2.7,3,NA,8_227,6.8,-15.10842003,14.87163898,Burkea africana,13.5
8,6,226,8_226,3.3,252,2.5,3.1,NA,8_226,11.4,-15.10841601,14.87164199,Julbernardia paniculata,15.6
8,6,224,8_224,4,252,0.9,0.9,NA,8_224,3.2,-15.10843503,14.87162297,Burkea africana,7.3
8,6,225,8_225,4.1,265,0.9,0.6,NA,8_225,3.2,-15.10839396,14.87162598,Burkea africana,6.2
8,6,229,8_229,4.2,292,3.4,3,NA,8_229,12.2,-15.10839203,14.87158902,Julbernardia paniculata,13.4
8,6,230,8_230,4.8,298,2.3,2.6,NA,8_230,12.2,-15.10838097,14.87158902,Julbernardia paniculata,15.7
8,6,631,8_631,5.2,312,2,3.6,NA,8_631,4,-15.10836404,14.87161601,Julbernardia paniculata,7.5
8,6,222,8_222,2.4,22,NA,NA,NA,8_222,2.3,-15.10846001,14.87159899,Pseudolachnostylis maprouneifolia,6.4
8,6,176,8_176,6.3,30,9.2,6.6,NA,8_175,5.8,-15.10832196,14.87165096,Burkea africana,30
8,6,232,8_232,2.4,30,2.4,2,NA,8_232,6.4,-15.108372,14.87163998,Burkea africana,11.2
8,7,444,8_444,3,140,1.8,1.8,NA,8_444,3.2,-15.10872597,14.87180804,Combretum collinum,8
8,7,427,8_427,4.1,182,1.7,1.5,NA,8_427,3.8,-15.10875296,14.871772,Combretum collinum,5.7
8,7,425,8_425,4.6,190,2.7,2.2,NA,8_425,3.8,-15.108746,14.87178499,Combretum hereroense,6.3
8,7,426,8_426,4.6,190,2.7,2.2,NA,8_425,3.8,-15.10875002,14.87178398,Combretum hereroense,7.1
8,7,424,8_424,3.8,208,4.2,3.4,NA,8_424,7.4,-15.108745,14.87176403,Julbernardia paniculata,15.5
8,7,639,8_639,4.9,350,NA,NA,NA,8_639,4.6,-15.10864399,14.87174199,Terminalia sericea,10
8,7,395,8_395,6.4,0,2.4,2.3,NA,8_395,7.2,-15.10864399,14.87177099,Burkea africana,8.5
8,7,445,8_445,8.1,82,NA,NA,NA,8_445,1,-15.10864802,14.87183101,Strychnos spinosa,10.6
8,8,480,8_480,3,66,2.7,1.8,NA,8_480,8.4,-15.10862597,14.87212404,Burkea africana,19.3
8,8,482,8_482,6,40,5.7,6.1,NA,8_482,4.6,-15.10862304,14.87212203,Combretum collinum,9
8,8,486,8_486,7.1,160,1.7,1.5,NA,8_486,14,-15.10869898,14.87211599,Burkea africana,30.3
8,8,487,8_487,7.1,160,1.7,1.5,NA,8_386,14,-15.108703,14.87211096,Burkea africana,17.6
8,8,601,8_601,3.3,200,NA,NA,NA,8_601,3.8,-15.10866897,14.87209998,Terminalia sericea,8.5
8,8,689,8_689,5.4,280,2,2.1,NA,8_689,3,-15.10855699,14.87233501,Diplorhynchus condylocarpon,5.3
8,8,479,8_479,3.6,340,1.7,2.4,NA,8_479,8.6,-15.10860904,14.872103,Burkea africana,15
8,9,515,8_515,5.3,328,3.5,2.9,NA,8_515,8.2,-15.10854702,14.87235898,Burkea africana,14
8,9,514,8_514,6.2,340,4.8,4.4,NA,8_513,11.8,-15.10852296,14.87235596,Julbernardia paniculata,14.8
8,9,513,8_513,6.2,340,4.8,4.4,NA,8_513,11.8,-15.10855104,14.87233199,Julbernardia paniculata,16.1
8,9,537,8_537,6,10,1.3,1.3,NA,8_537,6.3,-15.10858197,14.87247599,Combretum collinum,6.4
8,9,540,8_540,3.2,20,0.7,0.6,NA,8_540,3,-15.10854299,14.87239402,Terminalia sericea,5
1,1,NA,NA,7.1,8,2.6,4.8,NA,NA,NA,NA,NA,Erythrophleum africanum,2.4
1,1,NA,NA,7.2,32,2.7,2.5,NA,NA,NA,NA,NA,Combretum collinum,5.5
1,1,NA,NA,6.5,78,2.1,2,NA,NA,NA,NA,NA,Pterocarpus angolensis,10.2
1,1,43,1_43,5,95,2.7,2.7,NA,1_42,7.2,-14.961929,14.705339,Combretum collinum,6.7
1,1,NA,NA,5.7,108,1.7,1.8,NA,NA,NA,NA,NA,Pterocarpus angolensis,11.5
1,1,NA,NA,5.7,108,1.7,1.8,SA tree above,NA,NA,NA,NA,Pterocarpus angolensis,6.2
1,1,46,1_46,6.7,132,2.3,5,NA,1_46,7.6,-14.96195398,14.70534202,Combretum collinum,13.7
1,1,41,1_41,2.8,128,2.1,2.6,NA,1_41,3.6,-14.961972,14.70531997,Bridelia mollis,8.2
1,1,NA,NA,5.2,211,1.6,2.5,NA,NA,NA,NA,NA,Pterocarpus angolensis,9.5
1,1,NA,NA,6.7,202,4.5,4.3,NA,NA,NA,NA,NA,Combretum collinum,9.5
1,1,NA,NA,5.8,224,2.6,10.5,NA,NA,NA,NA,NA,Combretum collinum,8.8
1,1,NA,NA,2.6,242,3.4,2.7,SA tree above,NA,NA,NA,NA,Strychnos spinosa,6.7
1,1,32,1_32,7.2,270,6.3,6,NA,1_30,6.5,-14.96199497,14.70527999,Diplorhynchus condylocarpon,16.2
1,1,NA,NA,7.2,270,6.3,6,SA tree above,NA,NA,NA,NA,Diplorhynchus condylocarpon,11
1,1,NA,NA,7.2,270,6.3,6,SA tree above,NA,NA,NA,NA,Diplorhynchus condylocarpon,9.2
1,1,NA,NA,7.2,270,6.3,6,SA tree above,NA,NA,NA,NA,Diplorhynchus condylocarpon,12.3
1,1,NA,NA,3.1,324,5.1,4.8,NA,NA,NA,NA,NA,Burkea africana,12.8
1,2,71,1_71,3.3,320,5.2,3.3,NA,1_71,5.4,-14.96193504,14.70557202,Burkea africana,6.5
1,2,72,1_72,2.7,300,0.5,0.2,NA,1_72,4.9,-14.96197502,14.70558501,Diplorhynchus condylocarpon,6.1
1,2,73,1_73,4,300,2.7,2.7,NA,1_73,6.6,-14.96198097,14.70562097,Burkea africana,9.3
1,2,62,1_62,7.5,280,16.5,11.1,NA,1_62,15.2,-14.96199396,14.70555198,Julbernardia paniculata,42.7
1,2,74,1_74,3.5,260,3.6,4.4,NA,1_74,4,-14.96197603,14.705627,Bridelia mollis,5.8
1,2,NA,NA,3.5,260,3.6,4.4,SA tree above,NA,NA,NA,NA,Bridelia mollis,9.1
1,2,NA,NA,1.4,120,2.4,1,NA,NA,NA,NA,NA,Erythrophleum africanum,5.2
1,2,75,1_75,2.9,220,3.3,3.6,NA,1_75,4,-14.96197603,14.705627,Erythrophleum africanum,8.1
1,2,76,1_76,4.8,140,10.2,10.4,NA,1_76,12.5,-14.96200201,14.70563203,Burkea africana,37.5
1,2,78,1_78,7,80,13,16.5,NA,1_78,10,-14.96198801,14.70567897,Diplorhynchus condylocarpon,28.2
1,2,81,1_81,7,80,13,16.5,NA,1_81,10,-14.96198801,14.70567897,Diplorhynchus condylocarpon,33
1,2,80,1_80,7,80,13,16.5,NA,1_80,10,-14.96198801,14.70567897,Diplorhynchus condylocarpon,24.7
1,2,79,1_79,7,80,13,16.5,NA,1_79,10,-14.96198801,14.70567897,Diplorhynchus condylocarpon,34
1,3,104,1_104,5,80,3,3.3,NA,1_104,4.6,-14.96202196,14.70596496,Erythrophleum africanum,9.2
1,3,103,1_103,3.7,300,3.3,4.2,NA,1_103,NA,-14.96203604,14.70592104,Combretum collinum,4
1,3,102,1_102,7.8,240,10.3,11.3,NA,1_102,13.8,-14.96207502,14.70590201,Julbernardia paniculata,32.4
1,3,101,1_101,1.8,300,2.3,1,NA,1_101,NA,-14.96201601,14.70593797,Strychnos pungens,6.4
1,3,99,1_99,1.3,340,4.1,4.4,NA,1_99,6.2,-14.961985,14.70593998,Strychnos cocculoides,16.9
1,3,110,1_110,1.8,40,2,1,NA,1_110,9.6,-14.96193596,14.70605196,Erythrophleum africanum,6.1
1,4,358,1_358,2.8,60,5.7,6.2,NA,1_358,10.8,-14.96235204,14.705856,Julbernardia paniculata,29
1,4,359,1_359,5.8,100,9.5,9.5,NA,1_359,19.6,-14.962346,14.70586396,Julbernardia paniculata,37
1,4,360,1_360,4.4,160,4.4,3.3,NA,1_360,6,-14.96237702,14.705828,Julbernardia paniculata,8.7
1,4,361,1_361,5,220,3.7,4,NA,1_361,8.4,-14.96248196,14.70581803,Pericopsis angolensis,12.4
1,5,325,1_325,1.7,220,3.2,4,NA,1_325,5,-14.96230996,14.70555299,Bobgunnia madagascariensis,6
1,5,326,1_326,1.7,220,3.2,4,NA,1_325,5,-14.96230996,14.70555299,Bobgunnia madagascariensis,7.2
1,5,327,1_327,1.7,20,3.2,4,NA,1_325,5,-14.96230996,14.70555299,Bobgunnia madagascariensis,6.9
1,5,324,1_324,5.3,240,2.9,5.5,NA,1_324,10.6,-14.96228599,14.70555701,Julbernardia paniculata,9.8
1,5,329,1_329,4.8,140,2.4,3.8,NA,1_329,6,-14.96239697,14.70552902,Burkea africana,11.2
1,5,330,1_330,8.2,140,5.4,5.2,NA,1_330,6.2,-14.96242899,14.70554796,Pseudolachnostylis maprouneifolia,18.7
1,5,328,1_328,3.5,220,5.4,4.2,NA,1_328,13.4,-14.96234902,14.70553396,Erythrophleum africanum,14.4
1,5,NA,NA,5,200,8,3.2,NA,NA,NA,NA,NA,Erythrophleum africanum,8.5
1,5,318,1_318,7,320,4,2,NA,1_318,2.6,-14.96233301,14.70550597,Bobgunnia madagascariensis,6
1,5,NA,NA,3.4,220,2,1.8,NA,NA,NA,NA,NA,Burkea africana,5.3
1,5,307,1_307,6.3,340,7.6,4.1,NA,1_307,6.4,-14.96225699,14.70550303,Strychnos pungens,13
1,5,308,1_308,6.3,320,7.6,4.1,NA,1_307,6.5,-14.96225699,14.70550303,Strychnos pungens,12.3
1,5,319,1_319,5.2,340,3.6,4,NA,1_319,4.4,-14.96230401,14.70550203,Combretum collinum,5.5
1,5,303,1_303,9.9,340,10.9,9,NA,1_303,8.6,-14.962259,14.70547001,Diplorhynchus condylocarpon,25.8
1,5,304,1_304,9.9,340,10.9,9,NA,1_304,8.6,-14.962259,14.70547001,Diplorhynchus condylocarpon,15.8
1,5,305,1_305,9.9,340,10.9,9,NA,1_305,8.6,-14.962259,14.70547001,Diplorhynchus condylocarpon,9.9
1,5,306,1_306,9.9,340,10.9,9,NA,1_306,9.3,-14.962259,14.70547001,Diplorhynchus condylocarpon,8.8
1,5,300,1_300,9.9,340,10.9,9,NA,1_300,9.3,-14.962259,14.70547001,Diplorhynchus condylocarpon,34.2
1,5,301,1_301,9.9,340,10.9,9,NA,1_301,9.3,-14.962259,14.70547001,Diplorhynchus condylocarpon,10.7
1,6,278,1_278,3.5,100,3,4.5,NA,1_278,6.6,-14.96222396,14.70522299,Burkea africana,11
1,6,283,1_283,5.7,80,4.9,3.9,NA,1_283,6.6,-14.962302,14.70521796,Burkea africana,10.5
1,6,284,1_284,5.7,120,4.9,3.9,NA,1_283,6.6,-14.962302,14.70521796,Burkea africana,7
1,6,281,1_281,5.2,140,3.8,3.7,NA,1_281,8.2,-14.96229898,14.70524303,Erythrophleum africanum,11.3
1,6,282,1_282,5.2,140,3.8,3.7,NA,1_281,8.2,-14.96229898,14.70524303,Erythrophleum africanum,10.2
1,6,280,1_280,4.1,140,2.9,3,NA,1_280,6.2,-14.96229596,14.70522098,Pericopsis angolensis,8.6
1,6,279,1_279,2.3,140,2.5,2.5,NA,1_279,2.4,-14.96229999,14.70521403,Bobgunnia madagascariensis,8
1,6,266,1_266,4.8,100,3.3,3,NA,1_266,6.4,-14.96231298,14.70521796,Terminalia brachystemma,9.5
1,6,268,1_268,2.3,360,1,1.2,NA,1_268,NA,-14.96226101,14.70521201,Combretum collinum,5.8
1,6,269,1_269,1.9,300,3.7,4.2,NA,1_269,2.8,-14.96225397,14.70518804,Strychnos pungens,6.5
1,6,276,1_276,2.6,300,4.2,3.3,NA,1_276,4.6,-14.96222103,14.705268,Pseudolachnostylis maprouneifolia,5.9
1,6,248,1_248,6.1,340,3,1,NA,1_248,NA,-14.96222899,14.70513297,Combretum collinum,6.2
1,6,273,1_273,4.3,40,4.8,5.6,NA,1_272,2.8,-14.96222698,14.70526298,Diplorhynchus condylocarpon,11.5
1,6,272,1_272,4.3,40,4.8,5.6,NA,1_272,2.8,-14.96222698,14.70526298,Diplorhynchus condylocarpon,22.1
1,6,NA,NA,4.6,40,4.8,5.6,NA,NA,NA,NA,NA,Diplorhynchus condylocarpon,6.8
1,7,375,1_375,2.8,120,1.5,2.1,NA,1_375,4.4,-14.96254801,14.70514404,Diplorhynchus condylocarpon,7.8
1,7,376,1_376,3.8,120,2.4,2.6,NA,1_376,6.4,-14.962561,14.70516399,Erythrophleum africanum,10.5
1,7,373,1_373,5.8,280,6.8,5.4,NA,1_373,8.6,-14.96259,14.70503398,Pericopsis angolensis,17.2
1,8,470,1_470,5.9,60,4,4.2,NA,1_469,4.8,-14.96258698,14.70550697,Pseudolachnostylis maprouneifolia,9.5
1,8,469,1_469,5.9,60,4,4.2,NA,1_469,4.8,-14.96258698,14.70550697,Pseudolachnostylis maprouneifolia,10.8
1,8,471,1_471,5.2,80,2.1,2.6,NA,1_471,5.4,-14.96260601,14.70549599,Combretum collinum,6.3
1,8,482,1_482,6.3,120,10.5,9.3,NA,1_482,13,-14.96265404,14.70547202,Julbernardia paniculata,36.5
1,8,472,1_472,7.4,160,1.5,4,NA,1_472,NA,-14.96265303,14.70550002,Dombeya rotundifolia,5.8
1,8,483,1_483,2.9,280,2.2,2.1,NA,1_483,8,-14.96261196,14.70542399,Diplorhynchus condylocarpon,5
1,8,484,1_484,3.5,300,1.7,2,NA,1_484,8,-14.96259101,14.70540899,Oldfieldia dactylophylla,7.8
1,8,485,1_485,3.8,320,11.9,10,NA,1_485,17.8,-14.96259101,14.70540899,Julbernardia paniculata,42.4
1,8,448,1_448,5.9,340,5.2,3,NA,1_448,NA,-14.96259897,14.70570697,Strychnos spinosa,6.5
1,8,486,1_486,5.9,340,5.2,3,NA,1_486,9.2,-14.96259,14.70544998,Strychnos spinosa,10.1
1,9,443,1_443,3.9,340,2.2,2.7,NA,1_443,3.2,-14.96262697,14.70574896,Gardenia volkensii,5.6
1,9,442,1_442,3.6,280,4.6,3.6,NA,1_441,4.2,-14.96263401,14.70573203,Strychnos spinosa,5
1,9,441,1_441,4.4,280,4.6,3.6,NA,1_441,4.2,-14.96263401,14.70573203,Strychnos spinosa,5.1
1,9,439,1_439,2.4,280,4.6,3.8,NA,1_439,4.2,-14.96265102,14.70574896,Strychnos spinosa,5.4
1,9,440,1_440,3,280,4.6,3.6,NA,1_440,4.2,-14.96266804,14.70571904,Strychnos spinosa,5.4
1,9,438,1_438,4.7,240,2.5,3.3,NA,1_438,4.6,-14.96268799,14.70572499,Strychnos cocculoides,10.9
1,9,437,1_437,3.5,280,1.9,2.1,NA,1_437,5.2,-14.96269402,14.70573404,Pericopsis angolensis,6.7
1,9,435,1_435,2.9,200,3.3,3,NA,1_435,NA,-14.96268203,14.70571904,Pseudolachnostylis maprouneifolia,7.9
1,9,436,1_436,2.4,200,3.3,3,NA,1_435,4,-14.96268203,14.70571904,Pseudolachnostylis maprouneifolia,8.3
1,9,434,1_434,5.7,200,4.3,5,NA,1_434,4,-14.96270902,14.70573303,Julbernardia paniculata,17.1
1,9,404,1_404,6.7,100,6,5.4,NA,1_404,3.8,-14.96263501,14.705842,Diplorhynchus condylocarpon,27.1
1,9,408,1_408,7.2,100,1.6,2.3,NA,1_404,3.8,-14.96263501,14.705842,Diplorhynchus condylocarpon,17
2,1,13,2_13,3.6,50,7.2,6.3,NA,2_13,13,-15.11345998,14.81396302,Burkea africana,30.6
2,1,12,2_12,7.6,62,7.2,6.8,NA,2_12,14.4,-15.11342897,14.81399696,Burkea africana,30.8
2,1,20,2_20,2.2,212,6.7,7,NA,2_20,14,-15.11348798,14.81391096,Burkea africana,21.4
2,1,19,2_19,2.7,260,2.5,2,NA,2_19,4,-15.11348303,14.813903,Combretum collinum,5.5
2,1,15,2_15,4.6,322,6.4,6.7,NA,2_15,12,-15.113449,14.81391499,Burkea africana,25.9
2,1,16,2_16,6,340,3.6,3.1,NA,2_16,4,-15.11342101,14.81390401,Combretum zeyheri,8.9
2,1,14,2_14,2.4,21,2,1.9,NA,2_14,2.8,-15.11345504,14.81395396,Combretum collinum,5.1
2,2,83,2_83,5,50,2.5,2.7,NA,2_83,3,-15.11365302,14.81415496,Julbernardia paniculata,12.9
2,2,82,2_82,5,42,2.2,2.8,NA,2_82,4,-15.11365302,14.81415496,Julbernardia paniculata,10
2,2,52,2_52,5.5,104,1.3,1.7,NA,2_52,2.2,-15.11369199,14.81417801,Julbernardia paniculata,8.6
2,2,54,2_54,5.5,130,3.5,2.8,NA,2_54,7,-15.11375796,14.81415102,Julbernardia paniculata,12
2,2,56,2_56,6,122,3.4,4.4,NA,2_56,7,-15.11375,14.81414599,Julbernardia paniculata,16.2
2,2,57,2_57,5.3,195,1.5,1.6,NA,2_57,3.8,-15.11375201,14.81413401,Terminalia brachystemma,6.7
2,2,43,2_43,3.4,362,6.2,9.5,NA,2_43,15,-15.11367397,14.81407098,Burkea africana,38.4
2,2,44,2_44,4.5,322,3.5,2.1,NA,2_44,4.2,-15.11368202,14.81407198,Combretum collinum,5.1
2,2,40,2_40,7.3,322,15.3,12.9,NA,2_40,14.4,-15.11363198,14.81408204,Julbernardia paniculata,28.9
2,2,39,2_39,7.3,322,12.9,12.9,NA,2_39,14.4,-15.11363198,14.81408204,Julbernardia paniculata,26.8
2,3,78,2_78,4.9,82,1.4,1.7,NA,2_78,2.5,-15.11395401,14.81438798,Combretum collinum,5.5
2,3,77,2_77,4.9,108,1.3,1.6,NA,2_77,2.1,-15.11395703,14.814362,Combretum collinum,5.1
2,3,73,2_73,2.4,333,1.2,2.7,NA,2_73,3.4,-15.11394496,14.814306,Combretum collinum,5.5
2,3,72,2_72,5.5,304,2.7,2.4,NA,2_72,6.6,-15.11389802,14.81428698,Terminalia brachystemma,7.9
2,3,76,2_76,4.1,10,1.9,1.7,NA,2_76,2.3,-15.11388998,14.81433299,Combretum collinum,5
2,3,74,2_74,5.1,16,4.6,3.8,NA,2_74,8,-15.11389702,14.81433802,Lonchocarpus nelsii,13.1
2,3,75,2_75,5.1,16,4.6,3.8,NA,2_74,8,-15.11389702,14.81433802,Lonchocarpus nelsii,11
2,4,165,2_165,4,132,2,2.2,NA,2_165,2.9,-15.11420597,14.81411196,Combretum collinum,5
2,4,164,2_164,3.6,114,2.3,2.3,NA,2_164,2.8,-15.11417697,14.81410903,Combretum collinum,5.5
2,4,162,2_162,6.7,122,8.9,9.3,NA,2_162,16.4,-15.11418502,14.81415404,Burkea africana,40.5
2,4,168,2_168,1.6,210,3,3.2,NA,2_168,8.8,-15.11417999,14.81409503,Lonchocarpus nelsii,13.5
2,4,169,2_169,1.6,210,3,3.2,NA,2_168,6.8,-15.11417999,14.81409503,Lonchocarpus nelsii,8.1
2,4,170,2_170,4.2,210,2.6,2.8,NA,2_170,5.2,-15.11418804,14.81408799,Combretum collinum,8.8
2,4,156,2_156,6.4,18,2.5,2.5,NA,2_156,5,-15.11411897,14.81412797,Terminalia brachystemma,8.9
2,5,147,2_147,7,52,12.9,13,NA,2_147,16,-15.11388503,14.81392203,Burkea africana,44.9
2,5,148,2_148,5.9,60,2.9,1.1,NA,2_148,2.7,-15.11398704,14.813946,Combretum collinum,5.2
2,5,208,2_208,9.4,212,8.4,8.4,NA,2_208,14.2,-15.11399198,14.813816,Burkea africana,35.7
2,5,173,2_173,9.1,352,7.6,13.2,NA,2_173,11.6,-15.113823,14.81383997,Lonchocarpus nelsii,43.7
2,6,135,2_135,6,92,2.4,1.7,NA,2_135,4,-15.11370599,14.81375498,Combretum collinum,7.4
2,7,294,2_294,4.9,90,2.2,1.5,NA,2_294,3.6,-15.11391001,14.81351098,Combretum collinum,5.5
2,7,177,2_177,3.3,394,3.6,3.3,NA,2_177,1.8,-15.11377296,14.81341199,Julbernardia paniculata,6.7
2,7,178,2_178,3.3,394,3.6,3.3,NA,2_178,7.2,-15.11377296,14.81341199,Julbernardia paniculata,12.5
2,8,276,2_276,3.8,302,1.9,1.5,NA,2_276,3.2,-15.11390498,14.81342096,Julbernardia paniculata,6.9
2,8,273,2_273,6,340,4,3,NA,2_273,8.5,-15.11384496,14.81343202,Julbernardia paniculata,11.6
2,8,224,2_224,6,340,4,3,NA,2_224,4.2,-15.11415602,14.81385497,Terminalia brachystemma,8
2,8,271,2_271,7.1,320,3.7,2,NA,2_271,8.8,-15.11386299,14.81343001,Julbernardia paniculata,8.8
2,8,270,2_270,6.5,319,2,3.2,NA,2_270,2.8,-15.113895,14.81342096,Combretum collinum,5.4
2,9,325,2_325,4.5,318,5.2,5.9,NA,2_325,6.8,-15.11419902,14.81373603,Lonchocarpus nelsii,16.4
2,9,345,2_345,3.3,118,2,2.2,NA,2_345,3.2,-15.11437596,14.81389504,Combretum collinum,5.8
3,1,636,3_636,4,280,5,5.2,NA,3_636,11.6,-15.192933,14.90074798,Julbernardia paniculata,21.8
3,1,635,3_635,5.4,310,1.1,5.9,NA,3_635,8,-15.19297298,14.90087296,Julbernardia paniculata,19.9
3,1,637,3_637,4.5,262,1.4,2.1,NA,3_637,4.8,-15.19294398,14.90074103,Diplorhynchus condylocarpon,6.4
3,2,608,3_608,1.8,64,0.9,0.6,NA,3_608,5,-15.192962,14.90113196,Julbernardia paniculata,6.8
3,2,606,3_606,2.8,124,3.9,3.4,NA,3_606,7.8,-15.19300299,14.90114403,Julbernardia paniculata,16
3,2,607,3_607,2.4,126,3.2,3.6,NA,3_607,7,-15.19300299,14.90114403,Julbernardia paniculata,14.7
3,2,617,3_617,2.7,238,1,1,NA,3_617,7.8,-15.19299704,14.90110598,Julbernardia paniculata,6
3,2,609,3_609,5.4,32,4.2,5.1,NA,3_609,9.2,-15.19286896,14.90110103,Julbernardia paniculata,20.8
3,2,605,3_605,4,122,NA,NA,Dead,3_605,7.8,-15.19298899,14.90118502,Julbernardia paniculata,9
3,2,601,3_601,6.1,126,NA,NA,Dead,3_601,12,-15.19301204,14.90117102,Julbernardia paniculata,17
3,2,572,3_572,4.8,322,3.6,4.6,NA,3_571,13.6,-15.193048,14.90141803,Julbernardia paniculata,14.7
3,3,573,3_573,4.8,322,3.2,6,NA,3_571,13.6,-15.193048,14.90141803,Julbernardia paniculata,12.3
3,3,571,3_571,4.8,322,3.2,6,NA,3_571,13.6,-15.193048,14.90141803,Julbernardia paniculata,14
3,3,570,3_570,5.1,350,1.4,0.5,NA,3_570,10,-15.193048,14.90141803,Julbernardia paniculata,18.9
3,3,569,3_569,5.1,350,7,0.5,NA,3_569,10,-15.19300299,14.90141803,Julbernardia paniculata,18.3
3,3,554,3_554,7,238,4.2,4,NA,3_552,8,-15.19299796,14.901498,Julbernardia paniculata,12
3,3,553,3_553,7,238,4.2,4,NA,3_552,9.4,-15.19299796,14.901498,Julbernardia paniculata,8
3,3,552,3_552,7,238,4.2,4,NA,3_552,9,-15.19299796,14.901498,Julbernardia paniculata,11.7
3,3,551,3_551,3.2,122,0.4,5,NA,3_551,9,-15.193049,14.90146397,Julbernardia paniculata,6.4
3,4,298,3_298,4.2,30,3.4,3.5,NA,3_298,9.2,-15.19332804,14.90140303,Julbernardia paniculata,14.9
3,4,289,3_289,3.7,62,2,2.6,NA,3_289,4.6,-15.19337799,14.90141996,Burkea africana,9
3,4,290,3_290,3.7,62,2,2.6,NA,3_290,3,-15.19337799,14.90141996,Burkea africana,6
3,4,287,3_287,3.4,100,2.4,2.2,NA,3_287,7.2,-15.19337799,14.90141996,Burkea africana,10.6
3,4,267,3_267,5.7,122,1.4,1.2,NA,3_267,9,-15.19337196,14.90146103,Julbernardia paniculata,12
3,4,266,3_266,6,130,1.4,3.5,NA,3_266,9.8,-15.19337196,14.90146103,Julbernardia paniculata,12.5
3,4,286,3_286,2.9,216,2.1,3.5,NA,3_286,6.6,-15.19336802,14.90139297,Julbernardia paniculata,8.3
3,4,285,3_285,5.6,240,3.8,1.4,NA,3_285,11,-15.19335897,14.90134704,Julbernardia paniculata,16.1
3,4,302,3_302,5.5,275,1.5,3.4,NA,3_302,11.4,-15.19335402,14.90134603,Julbernardia paniculata,11.2
3,4,299,3_299,3.5,292,2.1,2.2,NA,3_299,12.4,-15.19335704,14.90136296,Julbernardia paniculata,12.6
3,4,301,3_301,4.4,300,3.6,4.9,NA,3_301,12.2,-15.19335704,14.90136296,Julbernardia paniculata,14.6
3,4,360,3_360,4.1,302,2.7,2,NA,3_360,6.8,-15.19325302,14.901124,Julbernardia paniculata,8.9
3,5,362,3_362,5,40,NA,NA,NA,3_362,4.4,-15.19327297,14.90109298,Julbernardia paniculata,6
3,5,361,3_361,5.5,42,1.7,2.4,NA,3_361,6.8,-15.19327297,14.90109298,Julbernardia paniculata,10.8
3,5,363,3_363,2.3,125,2,1.9,NA,3_363,6,-15.19331899,14.90110204,Julbernardia paniculata,11.1
3,5,364,3_364,3.9,160,1.5,1.5,NA,3_364,7.4,-15.19335402,14.90108997,Julbernardia paniculata,9.2
3,6,385,3_385,4.4,310,1.2,1.1,NA,3_385,5.2,-15.19325604,14.90068998,Julbernardia paniculata,5.4
3,6,383,3_383,5,322,1.2,1.1,NA,3_383,5.4,-15.19325897,14.90071404,Julbernardia paniculata,6.8
3,6,376,3_376,6.3,350,3.9,1.4,NA,3_375,9,-15.19319803,14.90072502,Julbernardia paniculata,13.2
3,6,375,3_375,6.3,350,3.9,1.4,NA,3_375,9.2,-15.19319803,14.90072502,Julbernardia paniculata,13
3,7,132,3_132,1.2,160,1.6,2.2,NA,3_132,6,-15.19361101,14.900708,Julbernardia paniculata,9.3
3,7,129,3_129,3.8,208,3,3,NA,3_129,3.6,-15.19363297,14.90070297,Julbernardia paniculata,6
3,7,130,3_130,2.9,242,1.3,1.3,NA,3_130,5.4,-15.19361403,14.90066601,Julbernardia paniculata,6.9
3,7,131,3_131,1.3,160,1.7,2.2,NA,3_131,4.8,-15.19360296,14.90069199,Julbernardia paniculata,6
3,7,149,3_149,3.9,272,2.2,2.3,NA,3_149,7.8,-15.19359098,14.90064698,Julbernardia paniculata,7.9
3,7,150,3_150,3.9,272,2.2,2.3,NA,3_149,7,-15.19359098,14.90064698,Julbernardia paniculata,5.4
3,7,148,3_148,4.8,319,3.3,3,NA,3_148,3.8,-15.19358503,14.90064296,Julbernardia paniculata,15
3,7,147,3_147,4.8,319,3.3,3,NA,3_147,3,-15.19358503,14.90064296,Julbernardia paniculata,11.8
3,7,133,3_133,1.8,318,1.2,1.4,NA,3_133,5.6,-15.19359701,14.90067498,Julbernardia paniculata,7.8
3,8,58,3_58,3.6,30,4,4.9,NA,3_58,13,-15.19367203,14.90101998,Julbernardia paniculata,15.4
3,8,56,3_56,4.3,70,4.1,4,NA,3_56,8.6,-15.19363197,14.901039,Julbernardia paniculata,16
3,8,50,3_50,3.8,124,6.2,6.2,NA,3_50,12.8,-15.19366801,14.901081,Julbernardia paniculata,20.2
3,8,48,3_48,5.7,160,4.1,6.5,NA,3_48,10.8,-15.19369902,14.90106499,Julbernardia paniculata,14.5
3,8,57,3_57,2.6,170,5.8,3.6,NA,3_57,12.4,-15.19363004,14.90102299,Julbernardia paniculata,14.2
3,8,63,3_63,4.3,182,4.5,4.2,NA,3_63,9.6,-15.19363498,14.90097002,Burkea africana,17.8
3,8,60,3_60,2.8,280,1.6,1.6,NA,3_60,4.2,-15.19366197,14.90101403,Lonchocarpus nelsii,15.2
3,8,61,3_61,2.2,240,4.5,2.8,NA,3_61,8.2,-15.19366197,14.90101403,Lonchocarpus nelsii,13.3
3,8,62,3_62,2.5,240,3.3,4.3,NA,3_62,8.4,-15.193695,14.90101696,Burkea africana,17.5
3,9,16,3_16,4.9,32,2.7,2.7,NA,3_16,6.6,-15.19364999,14.90139096,Pseudolachnostylis maprouneifolia,14
3,9,13,3_13,4.3,110,0.9,0.8,NA,3_13,6,-15.19368402,14.90137696,Burkea africana,6.9
4,1,16,4_16,0.6,20,0.7,0.7,NA,4_16,3.6,-15.16276997,14.92585497,Baphia massaiensis,7.9
4,1,14,4_14,2.3,216,2,2,NA,4_14,5.2,-15.16280903,14.92590602,NA,6.5
4,1,10,4_10,4.3,200,1.9,1.9,NA,4_10,5,-15.16283099,14.92584701,Baphia bequaerti,6.8
4,1,12,4_12,4.2,200,2,1.2,NA,4_12,3.8,-15.16283099,14.92584701,Baphia bequaerti,6.2
4,1,11,4_11,5,200,1.4,1.3,NA,4_11,4.8,-15.16283099,14.92584701,Baphia bequaerti,6.1
4,1,8,4_8,4.8,220,1.6,1.9,NA,4_8,4.8,-15.16283099,14.92584701,Baphia bequaerti,6.8
4,1,9,4_9,4.3,219,1.3,1.1,NA,4_9,3,-15.16283099,14.92584701,Baphia bequaerti,5.5
4,1,15,4_15,2.7,300,1.5,1.2,NA,4_15,5,-15.16278396,14.92587299,NA,8.6
4,1,13,4_13,4.2,16,4.2,1.3,NA,4_13,3.8,-15.16283602,14.92595698,NA,8
4,6,94,4_94,3.8,123,2.2,1.6,NA,4_93,4.6,-15.16263904,14.92621497,Baphia bequaerti,6.7
4,6,93,4_93,4,123,2.2,1.6,NA,4_93,4.6,-15.16263904,14.92621497,Baphia bequaerti,6.3
4,6,102,4_102,6.2,189,4,3.5,NA,4_102,8.2,-15.16266402,14.92620802,Brachystegia glaucescens,15
4,6,105,4_105,5.6,45,1.6,1.7,NA,4_105,4,-15.16269302,14.92626702,Combretum collinum,5.9
4,6,103,4_103,3.4,64,2,2,NA,4_103,4.2,-15.16271699,14.92622503,Combretum collinum,6.4
4,6,104,4_104,3.4,64,2,2,NA,4_104,4.2,-15.16271699,14.92622503,Combretum collinum,5.3
4,6,200,4_200,5,125,2.2,2.1,NA,4_200,3.8,-15.16274499,14.92625403,Baphia bequaerti,5.3
4,6,125,4_125,2.6,130,1.1,1.1,NA,4_125,4,-15.16265597,14.92652804,Baphia bequaerti,8
4,6,124,4_124,2.6,140,0.9,0.8,NA,4_124,4,-15.16265597,14.92652804,Baphia bequaerti,11
4,6,123,4_123,3,191,1,0.4,NA,4_123,4.6,-15.16265597,14.92652804,Combretum collinum,7.5
4,6,475,4_475,3,260,1.5,1.3,NA,4_475,6,-15.16295797,14.92657296,Baphia bequaerti,11.2
4,6,469,4_469,7.6,64,8.4,7.8,NA,4_469,11.8,-15.16296702,14.92654002,Burkea africana,10.4
4,6,476,4_476,4.6,18,2.6,2,NA,4_476,11.8,-15.16295797,14.92657296,Burkea africana,18.8
4,6,478,4_478,4,327,0.3,0.3,NA,4_478,5,-15.162977,14.92664496,Combretum psidioides,5.9
4,7,443,4_443,2,240,1,1,NA,4_443,4,-15.16300298,14.92632704,Burkea africana,6.2
4,7,442,4_442,3.7,100,1.1,1.2,NA,4_442,4.2,-15.16301304,14.92634104,Burkea africana,6.5
4,7,416,4_416,5.2,180,1.7,1.6,NA,4_416,4.4,-15.16307297,14.92608396,Combretum apiculatum,9.7
4,7,445,4_445,4,200,1.8,1.7,NA,4_445,4.6,-15.16297901,14.92630198,Burkea africana,6.7
4,7,444,4_444,4,200,1.5,1.4,NA,4_444,4.4,-15.16297901,14.92630198,Burkea africana,6.5
4,2,371,4_371,2.8,195,1.6,1.9,NA,4_371,6.8,-15.16309401,14.92595497,Combretum apiculatum,8.1
4,2,368,4_368,4.4,210,2,2,NA,4_368,3.8,-15.163034,14.925947,Combretum apiculatum,7.3
4,2,372,4_372,2.1,132,2.1,1.6,NA,4_372,7.8,-15.16308596,14.92594097,Burkea africana,11.4
4,2,364,4_364,6.7,110,2.6,2.1,NA,4_364,7,-15.16307398,14.92592001,Burkea africana,10.7
4,2,381,4_381,4.8,163,1,1,NA,4_381,4,-15.16313902,14.92598296,Brachystegia glaucescens,5
4,2,392,4_392,5.3,140,2.8,2.6,NA,4_392,8,-15.163165,14.92600199,Brachystegia glaucescens,9.2
4,2,393,4_393,5.3,140,2.8,2.6,NA,4_392,8,-15.163165,14.92600199,Brachystegia glaucescens,9.2
4,2,370,4_370,3.5,143,1.1,1.1,NA,4_370,4,-15.16308404,14.92596502,Baphia massaiensis,6.8
4,5,563,4_563,3.2,80,1.2,1.7,NA,4_563,3.8,-15.16341696,14.92602697,Burkea africana,6.8
4,5,566,4_566,4,152,2.1,1.7,NA,4_565,4.4,-15.16344102,14.92608204,Baphia massaiensis,5.5
4,5,565,4_565,3.6,140,1.7,2.3,NA,4_565,4.4,-15.16344102,14.92608204,Baphia massaiensis,13.2
4,5,567,4_567,4.7,142,2.1,2.1,NA,4_567,4.4,-15.16344102,14.92608204,Baphia massaiensis,8.2
4,5,568,4_568,6.2,140,4.6,4.7,NA,4_568,8.8,-15.16344496,14.92608598,Lonchocarpus nelsii,28.9
4,5,564,4_564,3.8,189,1.4,1.4,NA,4_564,3.6,-15.16338998,14.926048,Burkea africana,6.3
4,8,594,4_594,2.8,100,1,1,NA,4_594,3,-15.16332401,14.92635696,Burkea africana,6.2
4,8,596,4_596,6.2,350,6.3,6.5,NA,4_596,12.4,-15.16338704,14.92639502,Baikiaea plurijuga,37.2
4,8,597,4_597,5.7,5,1.5,1.6,NA,4_597,4.2,-15.16338302,14.926392,Baphia massaiensis,7.3
4,8,598,4_598,5.7,5,1.5,1.6,"No trees at S9, S3, S4",4_597,4.2,-15.16338302,14.926392,Baphia massaiensis,5.2
9,1,11,9_11,4.2,11,1.2,8.7,NA,9_9,16.6,-15.19682103,14.81353596,Baikiaea plurijuga,49.2
9,1,10,9_10,4.6,8,7.7,7.6,NA,9_9,9.2,-15.196816,14.81352699,Baikiaea plurijuga,26.1
9,1,9,9_9,5,8,8.7,10.6,NA,9_9,9.6,-15.19682698,14.81355901,Baikiaea plurijuga,48
9,1,8,9_8,5.2,28,3.8,5.1,NA,9_8,7,-15.19681399,14.81354803,Baikiaea plurijuga,20.9
9,6,27,9_27,4,270,7.3,7.8,NA,9_27,10.6,-15.19654199,14.81382203,Baikiaea plurijuga,37.2
9,6,26,9_26,9.1,150,9.5,8.4,NA,9_26,10,-15.19645499,14.81372799,Baikiaea plurijuga,41
9,7,38,9_38,1,330,4,2.8,NA,9_38,10.6,-15.19629196,14.81395899,Baikiaea plurijuga,23.8
9,7,39,9_39,0.9,309,4,6.5,NA,9_38,10.6,-15.19629397,14.81395296,Baikiaea plurijuga,29.2
9,7,40,9_40,6.8,300,4.5,7.5,NA,9_40,8.8,-15.19627403,14.81399897,Julbernardia paniculata,25.6
9,7,41,9_41,6.7,270,8,5.2,NA,9_41,12.8,-15.19623497,14.81396503,Baikiaea plurijuga,35.5
9,7,36,9_36,1.2,353,1.4,1.1,NA,9_36,5.4,-15.19628098,14.81395799,Baphia massaiensis,7.9
9,7,37,9_37,1.2,353,1.2,0.7,NA,9_36,5.4,-15.19628501,14.81395396,Baphia massaiensis,7.1
9,8,170,9_170,4.1,80,4.8,6,NA,9_170,10.2,-15.19649497,14.814162,Baikiaea plurijuga,27
9,8,171,9_171,3.7,70,4.2,6.3,NA,9_170,10.2,-15.196499,14.81416997,Baikiaea plurijuga,28
9,5,150,9_150,3.1,280,5.5,4.2,NA,9_149,12.4,-15.19673503,14.81404197,Baikiaea plurijuga,32
9,5,149,9_149,3,282,8,5.5,NA,9_149,12.3,-15.19674299,14.81404801,Baikiaea plurijuga,38.4
9,5,148,9_148,1.8,53,2,1.8,NA,9_148,2,-15.19673998,14.81405002,Baphia massaiensis,5.6
9,5,142,9_142,9,20,7.1,7.9,NA,9_141,10.3,-15.19681902,14.81398297,Baikiaea plurijuga,30
9,3,236,9_236,3.6,170,4,6.8,NA,9_236,8.8,-15.19715597,14.81407299,Baikiaea plurijuga,34
9,3,235,9_235,4.9,240,2.7,1.8,NA,9_235,11.4,-15.19715999,14.81406896,Baikiaea plurijuga,23.2
9,3,228,9_228,8.5,360,7.3,5,NA,9_228,13.6,-15.19727097,14.81410601,Baikiaea plurijuga,27
9,3,229,9_229,8.2,360,1.8,0.9,NA,9_228,12,-15.19727097,14.81410501,Baikiaea plurijuga,10.3
9,3,227,9_227,3,20,9.1,8.2,NA,9_227,14,-15.19722001,14.81402898,Baikiaea plurijuga,49.4
9,3,226,9_226,4.3,62,11.3,11.6,NA,9_226,13.4,-15.19721598,14.81402102,Baikiaea plurijuga,49.3
9,4,246,9_246,5.4,52,6,6,NA,9_246,3.2,-15.19702404,14.81427801,Baphia massaiensis,6.1
9,4,261,9_261,5,182,5.5,5.5,NA,9_261,14,-15.19670301,14.81442603,Baikiaea plurijuga,52.4
9,9,261,9_261,4.3,62,10.8,9.6,NA,9_261,14,-15.19670301,14.81442603,Baikiaea plurijuga,52.4
9,9,263,9_263,1.5,352,5.3,5.4,No trees at S2,9_263,10,-15.19670402,14.81447004,Baikiaea plurijuga,26
10,1,29,10_29,5,142,4.4,5.6,NA,10_29,8.2,-15.09849703,14.83798496,Julbernardia paniculata,17.9
10,1,9,10_9,4,71,3,3.5,NA,10_6,3.4,-15.09857498,14.83793702,Pericopsis angolensis,11.8
10,1,8,10_8,3.8,71,3,3.5,NA,10_6,3.6,-15.09857398,14.83794096,Pericopsis angolensis,8.4
10,1,7,10_7,3.8,71,3,3.5,NA,10_6,2,-15.09854103,14.83798002,Pericopsis angolensis,6
10,1,10,10_10,4.5,70,3,3.5,NA,10_6,3.4,-15.09857297,14.83793601,Pericopsis angolensis,11.9
10,1,13,10_13,3.1,12,1.4,1.5,NA,10_13,4.2,-15.09858202,14.83794901,Burkea africana,7.9
10,1,45,10_45,3,260,0.8,0.9,NA,10_45,3.6,-15.098564,14.83803802,Julbernardia paniculata,5
10,2,69,10_69,0.9,70,1.5,1.7,NA,10_69,2.6,-15.09851497,14.83826903,Combretum collinum,8.1
10,2,64,10_64,6.6,90,6.2,5.8,NA,10_64,10,-15.098492,14.83825704,Julbernardia paniculata,16.1
10,2,65,10_65,7,83,5.2,7.5,NA,10_64,10,-15.09847498,14.83826199,Julbernardia paniculata,15.3
10,2,72,10_72,3.1,300,6.6,9.7,NA,10_70,12.6,-15.09851597,14.83830096,Julbernardia paniculata,19
10,2,71,10_71,3.1,310,7.3,6.9,NA,10_70,12.4,-15.09852402,14.83829803,Julbernardia paniculata,19.5
10,2,70,10_70,3.8,320,5.5,5.7,NA,10_70,12.4,-15.09853299,14.83829602,Julbernardia paniculata,22.9
10,3,93,10_93,3,270,7.9,8,NA,10_93,19.8,-15.09845898,14.83859098,Burkea africana,44.4
10,3,97,10_97,5.3,240,0.5,0.5,NA,10_97,1.8,-15.098435,14.838653,Pterocarpus angolensis,5.6
10,3,100,10_100,5.6,252,5.8,7.7,NA,10_97,10.4,-15.09842302,14.83866298,Pterocarpus angolensis,19
10,3,99,10_99,5.6,252,5.8,3.8,NA,10_97,10.2,-15.09842201,14.83866499,Pterocarpus angolensis,12.1
10,3,98,10_98,6.2,280,3.7,1.2,NA,10_98,10.2,-15.09842201,14.83866599,Pterocarpus angolensis,18.1
10,3,96,10_96,5,242,1.1,1.2,NA,10_96,4.8,-15.09841698,14.838653,Terminalia brachystemma,5
10,3,95,10_95,5,242,1.6,0.5,NA,10_95,4.8,-15.09841204,14.83864202,Terminalia brachystemma,5.7
10,4,287,10_287,1,335,1.4,2,NA,10_287,4,-15.09876902,14.83865996,Terminalia sericea,5.6
10,4,286,10_286,1.4,262,1.6,1.4,NA,10_286,4,-15.09877204,14.83866901,Burkea africana,5.2
10,4,285,10_285,2.8,212,1.9,1.6,NA,10_285,4.2,-15.09878998,14.83867404,Burkea africana,6.6
10,4,306,10_306,2,84,1,0.9,NA,10_306,4,-15.09877698,14.83869801,Burkea africana,5.4
10,4,307,10_307,1.9,76,0.7,0.9,NA,10_307,4,-15.09875502,14.83870396,Burkea africana,5.1
10,5,255,10_255,2.8,42,0.6,1.3,NA,10_255,2.8,-15.09882702,14.83836601,Burkea africana,5.9
10,5,254,10_254,4.7,58,6.6,6.3,NA,10_254,13.4,-15.09881504,14.83839199,Julbernardia paniculata,29.8
10,5,253,10_253,5,68,5.3,5.4,NA,10_253,13.4,-15.09881998,14.83838998,Julbernardia paniculata,16.9
10,5,240,10_240,5,296,1.6,1.2,NA,10_240,4,-15.09883197,14.83831798,Burkea africana,5.4
10,7,387,10_387,4.3,20,1.7,2.2,NA,10_387,5,-15.09913104,14.83815302,Combretum collinum,6.8
10,7,386,10_386,6,226,13,12.7,NA,10_386,16.2,-15.09919398,14.83809896,Burkea africana,51.1
10,8,441,10_441,2.7,292,4.1,4.8,NA,10_441,5.8,-15.09911897,14.83841102,Terminalia brachystemma,10.7
10,8,438,10_438,3.8,266,3.5,2.7,NA,10_438,3.8,-15.099125,14.83841898,Burkea africana,7.1
10,8,432,10_432,4.7,270,5.3,3.9,NA,10_431,5,-15.09913003,14.838393,Terminalia sericea,11.9
10,8,431,10_431,4.9,270,4.6,2.3,NA,10_431,6.8,-15.09913397,14.83839601,Terminalia sericea,9
10,8,454,10_454,3.9,15,2.5,2.5,NA,10_454,4,-15.09906398,14.83845402,Combretum zeyheri,7.5
10,8,451,10_451,3.1,32,0.7,0.6,NA,10_451,4.8,-15.09906599,14.83844899,Pseudolachnostylis maprouneifolia,6.7
10,8,452,10_452,3.6,22,0.8,0.8,NA,10_452,4.6,-15.09906599,14.838452,Pseudolachnostylis maprouneifolia,7.5
10,8,453,10_453,3.5,22,0.8,0.4,NA,10_452,4.8,-15.09906599,14.83845502,Pseudolachnostylis maprouneifolia,6
10,8,456,10_456,4.1,22,1,1,NA,10_456,5,-15.099081,14.83845703,Pseudolachnostylis maprouneifolia,8.1
10,8,457,10_457,4.4,86,1.3,1,NA,10_457,4.8,-15.09908896,14.83847103,Pseudolachnostylis maprouneifolia,6.9
10,8,450,10_450,2.1,100,1.3,3.9,NA,10_450,2,-15.09913397,14.838451,Burkea africana,6.9
10,8,464,10_464,6.6,108,6.8,6.5,NA,10_464,3.8,-15.09912098,14.83847799,Burkea africana,22
10,9,490,10_490,3.1,242,0.4,2,NA,10_490,3.2,-15.099183,14.83880002,Burkea africana,9
10,9,489,10_489,3.5,278,0.8,1,NA,10_489,8.8,-15.09909399,14.83873297,Combretum collinum,5
10,9,507,10_507,1.3,50,1.8,1.2,NA,10_507,4.8,NA,NA,Combretum hereroense,5.4
10,9,508,10_508,5,98,1.2,0.4,NA,10_508,3.8,NA,NA,Combretum hereroense,5.2
11,1,27,11_27,7,10,5.4,4,NA,11_27,4.4,-15.05768102,14.89373501,Burkea africana,11.5
11,1,25,11_25,6.3,360,2.1,2.8,NA,11_24,12.4,-15.05767096,14.89375404,Brachystegia glaucescens,8
11,1,26,11_26,7,351,7.5,7.3,NA,11_26,13.2,-15.05767398,14.89374599,Burkea africana,27.5
11,1,24,11_24,6.5,360,5.5,4.8,NA,11_24,12.4,-15.05767096,14.89375697,Brachystegia glaucescens,14
11,2,70,11_70,2.4,320,3.4,2.8,NA,11_70,6,-15.05791303,14.89371699,Brachystegia glaucescens,6.5
11,2,71,11_71,2.4,320,3.4,2.8,NA,11_70,6,-15.05791403,14.89372202,Brachystegia glaucescens,5.7
11,2,75,11_75,3.5,360,2,1.7,NA,11_75,5.4,-15.05795804,14.89373401,Brachystegia glaucescens,6.1
11,2,74,11_74,4.7,20,1.1,1.5,NA,11_74,5.2,-15.057965,14.89371398,Burkea africana,8.3
11,2,73,11_73,5.7,22,1.4,1.8,NA,11_73,NA,-15.05796198,14.89371398,Brachystegia glaucescens,5
11,2,72,11_72,2.7,30,1.6,2.7,NA,11_72,5.8,-15.05792602,14.89371196,Brachystegia glaucescens,6.5
11,3,145,11_145,3.5,260,2.3,2.8,NA,11_145,4.6,-15.05822903,14.89373904,Strychnos spinosa,8.6
11,3,146,11_146,3.7,242,2.3,2.8,NA,11_146,4.6,-15.05823104,14.89374097,Strychnos spinosa,7
11,3,147,11_147,3.7,242,2.3,2.8,NA,11_147,4.6,-15.05823196,14.89373996,Strychnos spinosa,5.2
11,3,153,11_153,1.3,193,2.4,1.8,NA,11_153,2.8,-15.05824101,14.89370501,Burkea africana,5
11,3,152,11_152,1.7,69,2.2,2.3,NA,11_152,3.6,-15.05823598,14.89370501,Baphia massaiensis,5.3
11,3,154,11_154,2.2,60,2.7,1.9,NA,11_154,3,-15.05824302,14.89370501,Baphia massaiensis,5.3
11,3,156,11_156,6.2,53,9.7,10.1,NA,11_156,11.8,-15.05825099,14.89368003,Brachystegia glaucescens,18.5
11,3,157,11_157,6.2,53,9.7,10.1,NA,11_157,11.8,-15.058254,14.89367701,Brachystegia glaucescens,14.2
11,3,151,11_151,0.7,70,2,2.1,NA,11_151,6.8,-15.05823104,14.89371104,Strychnos pungens,8
11,3,150,11_150,2.1,80,2.6,2.2,NA,11_150,7,-15.058225,14.89370601,Strychnos pungens,9.5
11,3,149,11_149,3,140,2.3,2.1,NA,11_149,5.2,-15.05821997,14.89370199,Brachystegia glaucescens,5.1
11,3,132,11_132,5.6,90,3.5,4.5,NA,11_132,5.8,-15.05818502,14.89368497,Brachystegia glaucescens,9.2
11,3,131,11_131,6.1,100,6.1,7.6,NA,11_131,11.4,-15.05817597,14.89368799,Brachystegia glaucescens,14.2
11,3,148,11_148,4.1,151,1.9,2,NA,11_148,4.2,-15.05821302,14.893718,Burkea africana,7.6
11,3,144,11_144,5,210,1.9,2.7,NA,11_144,4.8,-15.05820304,14.89375798,Burkea africana,7.2
11,3,143,11_143,5.5,290,2.1,2.2,NA,11_143,6.4,-15.05820204,14.893776,Brachystegia glaucescens,6.5
11,4,532,11_532,3.8,70,1.3,1.6,NA,11_532,5,-15.058139,14.89333201,Burkea africana,5.5
11,4,538,11_538,6.2,53,2.1,1.2,NA,11_538,4.8,-15.05821201,14.89335699,Combretum collinum,5
11,4,531,11_531,2.8,112,1.4,1.6,NA,11_531,5.2,-15.05816901,14.893387,Combretum collinum,5
11,4,529,11_529,3.2,130,0.8,0.8,NA,11_529,5,-15.058167,14.89339102,Burkea africana,6
11,4,530,11_530,3.4,130,1.3,1.6,NA,11_529,5,-15.05816499,14.89338901,Burkea africana,5.5
11,5,504,11_504,1.9,60,1.7,2.3,NA,11_504,3.2,-15.05790498,14.89339001,Burkea africana,5.5
11,5,503,11_503,1.6,350,6.1,8.4,NA,11_502,15.8,-15.05791202,14.89339898,Brachystegia glaucescens,22.3
11,5,502,11_502,1.8,350,6.1,8.4,NA,11_502,15.8,-15.05791797,14.89339798,Brachystegia glaucescens,13
11,5,499,11_499,5.3,332,6,7,NA,11_499,15,-15.05792996,14.89342396,Brachystegia glaucescens,26
11,5,500,11_500,4.7,20,4.2,4.8,NA,11_500,7.2,-15.05792703,14.89339597,Brachystegia glaucescens,15.8
11,5,501,11_501,5,20,11,8.4,NA,11_500,16,-15.05793298,14.89339597,Brachystegia glaucescens,27.3
11,5,495,11_495,7,290,4.3,3.9,NA,11_495,8.4,-15.05790004,14.89346897,Brachystegia glaucescens,16.7
11,5,494,11_494,2.6,230,3.1,3.5,NA,11_494,7.8,-15.05790398,14.89343997,Brachystegia glaucescens,11.5
11,5,492,11_492,4.8,200,4.4,3.1,NA,11_492,11.4,-15.057851,14.89342597,Brachystegia glaucescens,12.2
11,5,491,11_491,4.5,232,5,3.4,NA,11_491,7.2,-15.057851,14.89342103,Brachystegia glaucescens,10.2
11,5,490,11_490,2.8,170,3.8,4.5,NA,11_488,13.6,-15.05786902,14.89340502,Brachystegia glaucescens,21
11,5,489,11_489,3.5,183,2.2,3.6,NA,11_488,13.6,-15.05785402,14.89339798,Brachystegia glaucescens,21.8
11,5,488,11_488,3.8,152,1.4,0.8,NA,11_488,7.4,-15.05785301,14.89339404,Brachystegia glaucescens,20.6
11,5,487,11_487,4.4,120,4.5,5,NA,11_487,9.8,-15.05786299,14.89337099,Brachystegia glaucescens,7.6
11,5,485,11_485,4.8,120,3.7,4.2,NA,11_484,9.8,-15.05785603,14.89337702,Brachystegia glaucescens,10.8
11,5,486,11_486,4.8,120,3.7,4.2,NA,11_484,9.8,-15.05786098,14.89337401,Brachystegia glaucescens,20.1
11,5,505,11_505,3.9,92,1.2,1.2,NA,11_505,1.6,-15.05788604,14.89337099,Brachystegia glaucescens,5.5
11,6,422,11_422,3.8,71,3.6,4.3,NA,11_422,13.4,-15.05755898,14.893345,Brachystegia glaucescens,18
11,6,421,11_421,5,10,3.1,3.5,NA,11_421,3.5,-15.05760198,14.89338096,Combretum zeyheri,8
11,6,419,11_419,5.3,350,3.1,4.9,NA,11_419,11.6,-15.05761103,14.89341198,Brachystegia glaucescens,17.7
11,6,418,11_418,5,350,4.7,3.5,NA,11_418,11.6,-15.05761396,14.89341902,Brachystegia glaucescens,16.6
11,6,402,11_402,2.5,170,2.6,3.8,NA,11_402,11.2,-15.05755998,14.89339597,Brachystegia glaucescens,11
11,6,404,11_404,5.3,240,4.7,4.7,NA,11_403,5.4,-15.05755302,14.89342396,Baphia bequaerti,13.5
11,6,403,11_403,5.4,270,2.7,5.4,NA,11_403,5.4,-15.05755797,14.89342304,Baphia bequaerti,10.6
11,6,401,11_401,3.1,180,2.5,4.7,NA,11_401,7.8,-15.05755101,14.893387,Brachystegia glaucescens,17
11,6,400,11_400,3.6,180,2.5,4.7,NA,11_400,11.2,-15.05754297,14.89337903,Brachystegia glaucescens,16.5
11,6,399,11_399,5,128,4.6,4.5,NA,11_398,14.6,-15.05754196,14.89336403,Brachystegia glaucescens,13.8
11,6,423,11_423,4,100,4,3.6,NA,11_423,8.6,-15.05756199,14.893345,Brachystegia glaucescens,11.1
11,6,424,11_424,4.3,90,3.1,2.8,NA,11_424,8.6,-15.05756401,14.89335196,Brachystegia glaucescens,8.3
11,6,741,11_741,4.1,130,NA,NA,s/coroa? See notes,NA,NA,NA,NA,NA,NA
11,7,705,11_705,3.4,335,3.9,3.4,NA,11_705,9.8,-15.057793,14.893071,Brachystegia glaucescens,17
11,7,706,11_706,3.4,338,4.1,3.7,NA,11_705,9.8,-15.057793,14.893071,Brachystegia glaucescens,13.5
11,7,708,11_708,4,310,4.1,2.6,NA,11_707,7.8,-15.057793,14.893071,Brachystegia glaucescens,10.2
11,7,707,11_707,3.7,340,2.8,3.1,NA,11_707,7.8,-15.057793,14.893071,Brachystegia glaucescens,12
11,7,704,11_704,2.3,40,2.2,2.7,NA,11_704,4.2,-15.057793,14.893071,Brachystegia glaucescens,5.5
11,7,702,11_702,4.8,40,4.4,2.5,NA,11_701,9.6,-15.057793,14.893071,Brachystegia glaucescens,14.2
11,7,701,11_701,5.1,33,2.5,3.8,NA,11_701,9.6,-15.057793,14.893071,Brachystegia glaucescens,10.2
11,7,693,11_693,3.7,30,3.2,2.6,NA,11_693,5.8,-15.05752,14.89307703,Brachystegia glaucescens,17.8
11,7,694,11_694,3.7,30,3.2,2.6,NA,11_694,5.8,-15.05751899,14.89308399,Brachystegia glaucescens,20.8
11,7,695,11_695,3.5,140,4.2,5.1,NA,11_695,12.2,-15.05752704,14.893071,Brachystegia glaucescens,19
11,7,696,11_696,1.8,142,7.7,5.8,NA,11_696,12.2,-15.05752997,14.89306396,Brachystegia glaucescens,19
11,7,697,11_697,2.2,130,5,4.7,NA,11_697,12.2,-15.05753098,14.89304803,Brachystegia glaucescens,17.5
11,7,692,11_692,5.5,100,2.7,1.8,NA,11_692,4,-15.05751799,14.89302004,Brachystegia glaucescens,5.5
11,8,712,11_712,2.4,210,5.3,4.6,NA,11_712,9,-15.05784798,14.89310604,Brachystegia glaucescens,19.3
11,8,713,11_713,2.2,210,3.3,5.1,NA,11_712,9,-15.05784798,14.89310302,Brachystegia glaucescens,15.5
11,9,739,11_739,2.6,303,2.5,2.5,NA,11_739,8.2,-15.05818301,14.89309598,Brachystegia glaucescens,12.2
11,9,740,11_740,2.8,322,4,2.7,NA,11_740,8.2,-15.05818301,14.89309598,Brachystegia glaucescens,12.6
12,1,32,12_32,8.8,50,10.5,7.8,NA,12_32,12.2,-15.11666698,14.90727698,Baikiaea plurijuga,45.2
12,1,14,12_14,3.2,80,1.2,1.2,NA,12_14,2,-15.11660102,14.907294,Ochna pulchra,6.4
12,1,21,12_21,7.8,150,3.2,3.8,NA,12_21,4.2,-15.11666204,14.90739902,Baphia massaiensis,9.3
12,2,64,12_64,3.6,122,13.9,9.2,NA,12_64,26,-15.11684099,14.90708596,Brachystegia glaucescens,81.1
12,2,51,12_51,5.6,310,4.7,5.1,NA,12_51,12.6,-15.11684996,14.90717003,Brachystegia glaucescens,22.1
12,2,63,12_63,7.5,360,7.3,8.1,NA,12_63,10.2,-15.11692397,14.90711102,Baikiaea plurijuga,34
12,3,77,12_77,5.5,152,5.3,4.6,NA,12_77,8.2,-15.11705699,14.90687398,Baikiaea plurijuga,20.2
12,3,78,12_78,6.3,80,5,5.3,NA,12_78,10.2,-15.11710603,14.906834,Baikiaea plurijuga,22.7
12,3,76,12_76,5.3,290,6.9,5.5,NA,12_76,12.2,-15.117102,14.90694297,Baikiaea plurijuga,25.6
12,4,277,12_277,2.9,30,10.5,8.7,NA,12_277,9.2,-15.11695297,14.90656503,Baikiaea plurijuga,42.6
12,4,278,12_278,8,333,11,10,NA,12_278,9.2,-15.11693504,14.90661498,Baikiaea plurijuga,41
12,5,264,12_264,3.5,352,8.6,7.9,NA,12_264,9,-15.11671501,14.90687398,Baikiaea plurijuga,27
12,5,263,12_263,5.5,330,7,7.9,NA,12_263,12.2,-15.11673496,14.90691396,Lonchocarpus nelsii,32.5
12,5,265,12_265,5.9,20,8,7.3,NA,12_265,9.4,-15.11670697,14.90685001,Baikiaea plurijuga,32.1
12,5,266,12_266,6.3,92,10.7,9.1,NA,12_266,8.2,-15.116728,14.906834,Baikiaea plurijuga,41.9
12,5,256,12_256,6.7,270,4.8,7,NA,12_256,15.8,-15.11660001,14.90683098,Brachystegia glaucescens,21.1
12,5,259,12_259,4.4,190,1.5,1.3,NA,12_259,5.2,-15.11663597,14.906862,Erythrophleum africanum,5.6
12,5,258,12_258,5.7,223,2,1.7,NA,12_258,7,-15.11662298,14.90685697,Brachystegia glaucescens,7.2
12,6,194,12_194,2.4,350,2.3,2.1,NA,12_194,6,-15.11650203,14.90711002,Baphia massaiensis,6.9
12,6,197,12_197,4.5,70,1.5,1.9,NA,12_197,6.7,-15.11643799,14.90700499,Baphia massaiensis,5.4
12,6,195,12_195,4.3,110,2.2,2,NA,12_195,6.8,-15.11646196,14.90707397,Baphia massaiensis,6.5
12,6,185,12_185,8.8,260,22,22.7,NA,12_185,17.4,-15.11641997,14.90716903,Brachystegia glaucescens,81.2
12,7,398,12_398,2.6,23,0.9,1.2,NA,12_398,3.2,-15.11626298,14.906777,Combretum collinum,5.7
12,7,399,12_399,2.7,11,1.3,1.2,NA,12_399,3.2,-15.11628703,14.90677197,Combretum collinum,5.6
12,7,397,12_397,1.6,92,1.4,1.1,NA,12_397,5.2,-15.11626096,14.90676502,NA,5.5
12,7,396,12_396,3.2,82,3,2.8,NA,12_396,6.8,-15.11621998,14.90675798,Combretum zeyheri,15.9
12,7,395,12_395,5.8,111,3.5,1.8,NA,12_395,5.8,-15.11621998,14.90675203,Combretum apiculatum,12.2
12,7,385,12_385,4.2,243,2.5,2.2,NA,12_385,7,-15.11623498,14.90682201,Baikiaea plurijuga,9.8
12,7,384,12_384,5.8,193,3.8,3.1,NA,12_384,7.4,-15.11625702,14.90684196,Erythrophleum africanum,15.4
12,8,439,12_439,5.1,151,1.7,2,NA,12_439,4.8,-15.11643204,14.90656301,Combretum collinum,7.6
12,8,444,12_444,2.8,80,2.2,1.8,NA,12_444,8.6,-15.11645098,14.90665999,Combretum apiculatum,5
12,8,445,12_445,6.1,30,2.2,2.8,NA,12_445,4.4,-15.11649398,14.90653502,Combretum apiculatum,8.9
12,8,446,12_446,6.2,30,2,1.5,NA,12_446,4.2,-15.11653597,14.90651398,Combretum apiculatum,6.6
12,9,495,12_495,1.7,273,2.6,2.8,NA,12_495,5.4,-15.11670898,14.90635204,Combretum apiculatum,9
12,9,493,12_493,3.3,120,1.6,2.8,NA,12_493,3.8,-15.11667998,14.90630502,Baphia bequaerti,7.7
12,9,492,12_492,4.2,140,9.5,10.2,NA,12_492,10.8,-15.11668098,14.90630602,Brachystegia glaucescens,37.9
12,9,497,12_497,5.2,46,4,5.3,NA,12_497,12.2,-15.116741,14.90638297,Guibourtia coleosperma,17
12,9,496,12_496,3.1,22,2,2.4,NA,12_496,3.8,-15.11669104,14.90638901,Guibourtia coleosperma,5.9
15,1,29,15_29,9.6,270,8.2,8.2,NA,15_29,8.8,-15.13280801,14.72156301,Baikiaea plurijuga,39.9
15,1,26,15_26,7.8,110,12.8,14.1,NA,15_26,12.8,-15.13287297,14.72142999,Baikiaea plurijuga,71.5
15,2,32,15_32,2.6,350,7.1,8.4,NA,15_32,10.2,-15.13290801,14.72182402,Baikiaea plurijuga,60.7
15,3,40,15_40,5.8,340,8.1,3.7,NA,15_40,9.8,-15.13297196,14.72216701,Baikiaea plurijuga,29
15,3,43,15_43,7.5,182,9.5,6.1,NA,15_43,9.4,-15.13287297,14.72217497,Baikiaea plurijuga,37.9
15,4,101,15_101,1.9,160,5.2,4.6,NA,15_101,9,-15.13322703,14.72204103,Baikiaea plurijuga,28.9
15,4,104,15_104,2.2,10,5.1,6.1,NA,15_104,8.2,-15.13326097,14.72207196,Baikiaea plurijuga,49.4
15,4,102,15_102,5.3,5,NA,NA,NA,15_102,7.2,-15.133308,14.72203097,NA,18.8
15,5,97,15_97,9.4,304,7.8,5.5,NA,15_97,11.8,-15.13321504,14.72183802,Baikiaea plurijuga,38.3
15,6,79,15_79,1.2,172,3.8,3.8,NA,15_79,10.6,-15.13316198,14.72141398,Baikiaea plurijuga,28
15,6,78,15_78,4.4,140,2.3,3.6,NA,15_78,9.8,-15.13313499,14.72141599,Baikiaea plurijuga,23.2
15,6,80,15_80,4.1,80,3.8,6.2,NA,15_80,9.8,-15.13318202,14.72139202,Baikiaea plurijuga,22.7
15,6,83,15_83,10.6,352,7.5,7.3,NA,15_83,8.4,-15.13326198,14.72144499,Baikiaea plurijuga,36.1
15,7,165,15_165,5.5,250,5.7,4.5,NA,15_165,12,-15.13348502,14.72137098,Baikiaea plurijuga,29.5
15,7,166,15_166,6,302,7.7,1.9,NA,15_166,4.8,-15.13347303,14.72141197,Baphia massaiensis,8.7
15,7,168,15_168,5.5,332,4.8,5,NA,15_168,12.4,-15.13348804,14.72137702,Baikiaea plurijuga,39
15,7,147,15_147,7,130,8.5,8.4,NA,15_147,12,-15.13344403,14.72133704,Baikiaea plurijuga,37.6
15,7,148,15_148,6.5,60,8.4,7.6,NA,15_148,12.8,-15.13350497,14.72130502,Baikiaea plurijuga,39.5
15,8,174,15_174,4.4,323,NA,NA,NA,15_174,1.8,-15.13352802,14.72170701,NA,18.5
15,9,182,15_182,4.4,93,NA,NA,NA,15_182,1.6,-15.13353598,14.72195696,NA,20
14,1,13,14_13,2.4,20,1.6,1.6,NA,14_12,2.4,-15.01129699,14.79489502,Baphia bequaerti,7.1
14,1,19,14_19,4,42,1.8,1.8,NA,14_19,6,-15.01144501,14.79476896,Julbernardia paniculata,7.9
14,1,9,14_9,5.1,110,1.9,2.2,NA,14_9,3,-15.01141903,14.79479101,Baphia bequaerti,9
14,1,8,14_8,4.9,120,5.2,5.2,NA,14_8,7.2,-15.01137997,14.79478103,Burkea africana,27.1
14,2,39,14_39,2.5,280,10.8,10.2,NA,14_39,8,-15.01175296,14.79489997,Julbernardia paniculata,24.6
14,2,40,14_40,2.5,312,3.4,3.8,NA,14_40,8,-15.01174802,14.79490198,Julbernardia paniculata,15.3
14,2,38,14_38,3.8,310,3.2,7.1,NA,14_38,8.5,-15.01174903,14.794919,Julbernardia paniculata,15.6
14,2,41,14_41,2.8,20,NA,NA,NA,14_41,2.8,-15.01175498,14.79487399,NA,9.5
14,2,37,14_37,7.2,274,7.8,8.2,NA,14_37,8.8,-15.01172103,14.79493199,Julbernardia paniculata,21.2
14,3,71,14_71,4,280,13.8,4.1,NA,14_71,5.8,-15.01202102,14.79501002,Julbernardia paniculata,13.3
14,3,73,14_73,1.3,42,1.3,1.3,NA,14_72,2.2,-15.01202798,14.79498697,Baphia bequaerti,5.2
14,3,72,14_72,1.2,42,1.3,1.3,NA,14_72,2.2,-15.01201901,14.79498496,Baphia bequaerti,5.4
14,3,74,14_74,5.4,40,3.1,3.8,NA,14_74,6.4,-15.01207299,14.79499703,Julbernardia paniculata,11.6
14,3,98,14_98,5.8,52,1.9,1.8,NA,14_98,3.6,-15.012047,14.79491296,Julbernardia paniculata,7.2
14,3,67,14_67,4.5,110,1.6,2.1,NA,14_67,4.2,-15.01202999,14.79493702,Pterocarpus angolensis,11
14,3,66,14_66,5,120,2.1,1.8,NA,14_65,4.2,-15.01199998,14.79493098,Pterocarpus angolensis,10.4
14,4,218,14_218,4.9,20,1.5,1.3,NA,14_218,2.4,-15.01222,14.79468296,Pseudolachnostylis maprouneifolia,5.1
14,5,197,14_197,6.8,352,15.1,15.1,NA,14_197,11.4,-15.01191901,14.79461197,Julbernardia paniculata,51
14,5,199,14_199,3.5,311,5.1,4.5,NA,14_198,10.2,-15.01188297,14.79462303,Pterocarpus angolensis,22.8
14,5,198,14_198,3.5,300,4.8,4.5,NA,14_198,10.2,-15.01188003,14.79462404,Pterocarpus angolensis,21
14,5,191,14_191,2.7,290,1.9,2.3,NA,14_191,2.2,-15.01186696,14.79462203,Diplorhynchus condylocarpon,9.1
14,5,193,14_193,2.2,80,1.2,1.4,NA,14_193,4.8,-15.01186998,14.79461297,Diplorhynchus condylocarpon,7.9
14,5,194,14_194,1.2,170,1.9,1.4,NA,14_194,4.6,-15.01185799,14.79459403,Diplorhynchus condylocarpon,8
14,5,195,14_195,1.2,170,1.8,1.5,NA,14_194,5,-15.01185799,14.79459403,Diplorhynchus condylocarpon,8
14,6,171,14_171,3.8,30,2.2,2.2,NA,14_171,3.6,-15.01157602,14.79448398,Julbernardia paniculata,6.7
14,6,172,14_172,3.2,20,2.4,2.4,NA,14_172,4,-15.01156596,14.79450703,Julbernardia paniculata,9.7
14,6,173,14_173,2.4,370,5.4,6.3,NA,14_173,6.2,-15.01157401,14.79452999,Julbernardia paniculata,23.6
14,6,174,14_174,4.5,300,4.8,4.3,NA,14_174,5.8,-15.01157703,14.79455204,Baphia bequaerti,18
14,6,164,14_164,5.3,98,2.2,2.4,NA,14_164,4.4,-15.01154602,14.79447199,Julbernardia paniculata,9.2
14,6,167,14_167,5.2,62,1.7,1.6,NA,14_167,3.4,-15.01157401,14.79446503,Julbernardia paniculata,7.8
14,7,312,14_312,2.1,70,6.9,10.1,NA,14_312,8.4,-15.01170603,14.79419899,Julbernardia paniculata,32.2
14,7,310,14_310,4.3,90,2,3.1,NA,14_310,6,-15.01172002,14.79416697,Pterocarpus angolensis,14.4
14,7,311,14_311,4.1,100,1.9,3.1,NA,14_310,6,-15.01172396,14.79417502,Pterocarpus angolensis,11.6
14,7,313,14_313,4.2,120,4.6,4.7,NA,14_313,8.4,-15.01167996,14.79419799,Julbernardia paniculata,13.7
14,8,333,14_333,3.5,222,3.4,4,NA,14_333,8,-15.01193502,14.79415197,Pterocarpus angolensis,14.1
14,8,337,14_337,7,10,2.3,2.7,NA,14_337,7,-15.01209402,14.79429103,Diplorhynchus condylocarpon,11.7
14,8,339,14_339,7.3,24,3.9,3.7,NA,14_339,7,-15.01209796,14.79429597,Diplorhynchus condylocarpon,15.2
14,9,349,14_349,2.4,124,NA,NA,Dead,14_349,6,-15.01229502,14.794388,NA,40.1
14,9,374,14_374,3.6,333,4.1,3,NA,NA,NA,NA,NA,NA,NA
14,9,228,14_228,6,0,0.6,1,NA,14_227,3.2,-15.01232201,14.79445799,Burkea africana,5.3
13,1,9,13_9,5.3,310,4.4,7.4,NA,13_8,8.8,-15.19778302,14.81746296,Lonchocarpus nelsii,32.5
13,1,221,13_221,3,360,1,1.1,NA,NA,NA,NA,NA,NA,NA
13,2,19,13_19,4.3,10,3.2,3.6,NA,13_19,6.6,-15.19791897,14.81769003,Baikiaea plurijuga,31.7
13,3,27,13_27,2.6,130,1,1.1,NA,13_27,3.6,-15.19796298,14.81798801,Combretum sp. plot_13,6
13,3,29,13_29,5.2,360,2.1,1.9,NA,13_28,2,-15.19805199,14.81800603,Baphia massaiensis,5.8
13,3,30,13_30,4.3,213,1.3,1,NA,13_30,2.8,-15.19801101,14.81804903,NA,6.2
13,3,28,13_28,5.2,360,2.1,1.9,NA,13_28,2,-15.19804303,14.81802103,Baphia massaiensis,6.8
13,4,108,13_108,3.2,60,NA,NA,NA,13_108,7,-15.19823204,14.81797703,NA,25
13,5,93,13_93,2.5,150,9.8,10.2,NA,13_93,13.2,-15.19817797,14.81757503,Baikiaea plurijuga,54.4
13,6,161,13_161,9.9,40,10.7,9.1,NA,13_161,11.4,-15.19818401,14.81728099,Baikiaea plurijuga,51.7
13,8,189,13_189,1.8,120,2.8,2,NA,NA,NA,NA,NA,NA,NA
13,8,186,13_186,5.2,131,0.9,0.9,NA,13_186,2.8,-15.19845902,14.81752298,Baphia massaiensis,6.9
13,8,188,13_188,3.3,140,2,1.3,NA,13_188,4.2,-15.19846397,14.81757897,Baphia massaiensis,5.5
13,8,187,13_187,3.7,140,NA,NA,NA,13_187,4.2,-15.19846103,14.81756799,Baphia massaiensis,6.4
13,9,207,13_207,2.3,50,1.3,1.5,NA,13_207,2.6,-15.19862196,14.81784602,Baphia massaiensis,6.5
13,9,206,13_206,2.8,40,1.9,2.9,NA,13_205,6.4,-15.19862498,14.81784099,Baphia massaiensis,14.1
13,9,205,13_205,3,52,2,2.1,NA,13_205,4.2,-15.19862096,14.81784199,Baphia massaiensis,7.1
13,9,204,13_204,3.4,23,2.7,3,NA,13_204,4.2,-15.19864501,14.81783596,Baphia massaiensis,13.6
13,9,203,13_203,4,32,16.7,17.3,NA,13_203,14.6,-15.19865097,14.817829,Baikiaea plurijuga,67.9
13,9,209,13_209,4.5,220,1,0.8,NA,13_209,4.2,-15.19859003,14.81787401,Baphia massaiensis,7.1
13,9,208,13_208,4.8,270,1,0.8,NA,13_208,2.4,-15.198599,14.81790301,Baphia massaiensis,6.8