plot_name,subplot,direction,vol,plot_id,dpm,sampled,date,dry_mass
P10,S1,E,0.279344092,ABG_10,7,FALSE,14/03/2019,NA
P10,S1,N,0.104714186,ABG_10,4,FALSE,14/03/2019,NA
P10,S1,S,0.07416181,ABG_10,5,TRUE,14/03/2019,15.45
P10,S1,W,0.40616604,ABG_10,7,FALSE,14/03/2019,NA
P10,S2,E,0.279821112,ABG_10,9,FALSE,14/03/2019,NA
P10,S2,N,0.10432688,ABG_10,3,FALSE,14/03/2019,NA
P10,S2,S,0.378207845,ABG_10,22,TRUE,14/03/2019,46.18
P10,S2,W,0.154041814,ABG_10,6,FALSE,14/03/2019,NA
P10,S3,E,0,ABG_10,29,FALSE,14/03/2019,NA
P10,S3,N,0.377832013,ABG_10,9,FALSE,14/03/2019,NA
P10,S3,S,0.021329943,ABG_10,9,FALSE,14/03/2019,NA
P10,S3,W,0.409541844,ABG_10,12,FALSE,14/03/2019,NA
P10,S4,E,0.560531209,ABG_10,15,FALSE,14/03/2019,NA
P10,S4,N,5.80E-05,ABG_10,26,FALSE,14/03/2019,NA
P10,S4,S,0.16455541,ABG_10,13,FALSE,14/03/2019,NA
P10,S4,W,0.202114438,ABG_10,11,FALSE,14/03/2019,NA
P10,S5,E,0.122622068,ABG_10,3,FALSE,14/03/2019,NA
P10,S5,N,0.138848835,ABG_10,5,FALSE,14/03/2019,NA
P10,S5,S,0.268328439,ABG_10,4,FALSE,14/03/2019,NA
P10,S5,W,0.088541404,ABG_10,6,FALSE,14/03/2019,NA
P10,S6,E,0.338358665,ABG_10,5,FALSE,14/03/2019,NA
P10,S6,N,0.198025997,ABG_10,9,FALSE,14/03/2019,NA
P10,S6,S,0.161203528,ABG_10,15,TRUE,14/03/2019,89.12
P10,S6,W,0.448639573,ABG_10,10,TRUE,14/03/2019,27.83
P10,S7,E,0.210481331,ABG_10,15,TRUE,14/03/2019,24.05
P10,S7,N,0.170311232,ABG_10,6,FALSE,14/03/2019,NA
P10,S7,S,0.157454108,ABG_10,11,FALSE,14/03/2019,NA
P10,S7,W,0.155834417,ABG_10,17,FALSE,14/03/2019,NA
P10,S8,E,0.423544603,ABG_10,3,FALSE,14/03/2019,NA
P10,S8,N,0.521759477,ABG_10,3,FALSE,14/03/2019,NA
P10,S8,S,0.346064813,ABG_10,13,FALSE,14/03/2019,NA
P10,S8,W,0.383460663,ABG_10,7,FALSE,14/03/2019,NA
P10,S9,E,0.378558595,ABG_10,8,FALSE,14/03/2019,NA
P10,S9,N,0.330826743,ABG_10,22,FALSE,14/03/2019,NA
P10,S9,S,0.370120414,ABG_10,18,TRUE,14/03/2019,53.31
P10,S9,W,0.300137091,ABG_10,3,FALSE,14/03/2019,NA
P11,S1,E,0.155057568,ABG_11,3,FALSE,17/03/2019,NA
P11,S1,N,0.224599361,ABG_11,1,FALSE,17/03/2019,NA
P11,S1,S,0.265942874,ABG_11,1,TRUE,17/03/2019,0
P11,S1,W,0.178897847,ABG_11,1,TRUE,17/03/2019,19.28
P11,S2,E,0.307126382,ABG_11,3,FALSE,17/03/2019,NA
P11,S2,N,0.210848638,ABG_11,1,FALSE,17/03/2019,NA
P11,S2,S,0.15118648,ABG_11,3,FALSE,17/03/2019,NA
P11,S2,W,0.147599868,ABG_11,7,FALSE,17/03/2019,NA
P11,S3,E,0.242706159,ABG_11,1,FALSE,17/03/2019,NA
P11,S3,N,0.050929537,ABG_11,4,FALSE,17/03/2019,NA
P11,S3,S,0.123614264,ABG_11,1,FALSE,17/03/2019,NA
P11,S3,W,0.417236565,ABG_11,4,FALSE,17/03/2019,NA
P11,S4,E,0.274720018,ABG_11,1,FALSE,17/03/2019,NA
P11,S4,N,0.160294919,ABG_11,4,FALSE,17/03/2019,NA
P11,S4,S,0.320898978,ABG_11,11,FALSE,17/03/2019,NA
P11,S4,W,0.125687196,ABG_11,4,FALSE,17/03/2019,NA
P11,S5,E,0.008515856,ABG_11,3,FALSE,17/03/2019,NA
P11,S5,N,0.099866733,ABG_11,2,FALSE,17/03/2019,NA
P11,S5,S,0.06195536,ABG_11,3,TRUE,17/03/2019,0
P11,S5,W,0.232718156,ABG_11,2,FALSE,17/03/2019,NA
P11,S6,E,0.028516332,ABG_11,3,FALSE,17/03/2019,NA
P11,S6,N,0.018041078,ABG_11,4,FALSE,17/03/2019,NA
P11,S6,S,0.16096218,ABG_11,4,FALSE,17/03/2019,NA
P11,S6,W,0.272362697,ABG_11,11,TRUE,17/03/2019,17.25
P11,S7,E,0.079879557,ABG_11,4,FALSE,17/03/2019,NA
P11,S7,N,0.118724479,ABG_11,2,FALSE,17/03/2019,NA
P11,S7,S,0.026097416,ABG_11,2,FALSE,17/03/2019,NA
P11,S7,W,0.465866697,ABG_11,4,FALSE,17/03/2019,NA
P11,S8,E,0.438947217,ABG_11,8,TRUE,17/03/2019,31.98
P11,S8,N,0.366894405,ABG_11,3,FALSE,17/03/2019,NA
P11,S8,S,0.173216718,ABG_11,4,TRUE,17/03/2019,33.92
P11,S8,W,0.406782648,ABG_11,4,FALSE,17/03/2019,NA
P11,S9,E,0.222019431,ABG_11,3,FALSE,17/03/2019,NA
P11,S9,N,0.137324323,ABG_11,3,FALSE,17/03/2019,NA
P11,S9,S,0.310664651,ABG_11,2,FALSE,17/03/2019,NA
P11,S9,W,0.329729544,ABG_11,7,FALSE,17/03/2019,NA
P12,S1,E,0.10429529,ABG_12,14,FALSE,18/03/2019,NA
P12,S1,N,0.191822478,ABG_12,19,FALSE,18/03/2019,NA
P12,S1,S,0.324596598,ABG_12,8,FALSE,18/03/2019,NA
P12,S1,W,0.11300806,ABG_12,12,TRUE,18/03/2019,19.1
P12,S2,E,0.10576108,ABG_12,4,FALSE,18/03/2019,NA
P12,S2,N,0.08624138,ABG_12,4,TRUE,18/03/2019,12.25
P12,S2,S,0.075645714,ABG_12,14,FALSE,18/03/2019,NA
P12,S2,W,0.088721165,ABG_12,4,FALSE,18/03/2019,NA
P12,S3,E,0.165856107,ABG_12,10,FALSE,18/03/2019,NA
P12,S3,N,0.104894552,ABG_12,5,FALSE,18/03/2019,NA
P12,S3,S,0.098493605,ABG_12,5,FALSE,18/03/2019,NA
P12,S3,W,0.085110629,ABG_12,9,FALSE,18/03/2019,NA
P12,S4,E,0.15338348,ABG_12,7,FALSE,18/03/2019,NA
P12,S4,N,0.747373797,ABG_12,5,FALSE,18/03/2019,NA
P12,S4,S,0.141415871,ABG_12,14,FALSE,18/03/2019,NA
P12,S4,W,0.145818353,ABG_12,6,FALSE,18/03/2019,NA
P12,S5,E,0.143190686,ABG_12,9,FALSE,18/03/2019,NA
P12,S5,N,0.135172442,ABG_12,12,FALSE,18/03/2019,NA
P12,S5,S,0.153395538,ABG_12,11,FALSE,18/03/2019,NA
P12,S5,W,0.186496439,ABG_12,11,FALSE,18/03/2019,NA
P12,S6,E,0.105755027,ABG_12,4,TRUE,18/03/2019,10.45
P12,S6,N,0.122719938,ABG_12,6,FALSE,18/03/2019,NA
P12,S6,S,0.128395583,ABG_12,11,FALSE,18/03/2019,NA
P12,S6,W,0.155866413,ABG_12,8,FALSE,18/03/2019,NA
P12,S7,E,0.209992507,ABG_12,14,FALSE,18/03/2019,NA
P12,S7,N,0.115774453,ABG_12,17,FALSE,18/03/2019,NA
P12,S7,S,0.320354828,ABG_12,2,TRUE,18/03/2019,2.48
P12,S7,W,0.170137907,ABG_12,7,FALSE,18/03/2019,NA
P12,S8,E,0.082396956,ABG_12,10,FALSE,18/03/2019,NA
P12,S8,N,0.064314028,ABG_12,9,FALSE,18/03/2019,NA
P12,S8,S,0.08826445,ABG_12,7,FALSE,18/03/2019,NA
P12,S8,W,0.103934209,ABG_12,9,FALSE,18/03/2019,NA
P12,S9,E,0.151764594,ABG_12,8,FALSE,18/03/2019,NA
P12,S9,N,0.134567646,ABG_12,8,FALSE,18/03/2019,NA
P12,S9,S,0.133987558,ABG_12,12,TRUE,18/03/2019,29.34
P12,S9,W,0.131241478,ABG_12,8,TRUE,18/03/2019,11.46
P13,S1,E,0.259030516,ABG_13,25,FALSE,19/03/2019,NA
P13,S1,N,0.343590013,ABG_13,14,FALSE,19/03/2019,NA
P13,S1,S,0.236555691,ABG_13,45,FALSE,19/03/2019,NA
P13,S1,W,0.291678937,ABG_13,9,FALSE,19/03/2019,NA
P13,S2,E,0.218291276,ABG_13,25,FALSE,19/03/2019,NA
P13,S2,N,0.295543916,ABG_13,5,FALSE,19/03/2019,NA
P13,S2,S,0.245615223,ABG_13,54,FALSE,19/03/2019,NA
P13,S2,W,0.453003514,ABG_13,4,FALSE,19/03/2019,NA
P13,S3,E,0.56054211,ABG_13,9,FALSE,19/03/2019,NA
P13,S3,N,0.476911852,ABG_13,14,FALSE,19/03/2019,NA
P13,S3,S,0.204793047,ABG_13,13,FALSE,19/03/2019,NA
P13,S3,W,0.194900489,ABG_13,23,TRUE,19/03/2019,31.03
P13,S4,E,0.14026049,ABG_13,24,FALSE,19/03/2019,NA
P13,S4,N,0.159926612,ABG_13,9,FALSE,19/03/2019,NA
P13,S4,S,0.163058416,ABG_13,8,FALSE,19/03/2019,NA
P13,S4,W,0.083506566,ABG_13,15,FALSE,19/03/2019,NA
P13,S5,E,0.198600712,ABG_13,9,FALSE,19/03/2019,NA
P13,S5,N,0.229626584,ABG_13,15,TRUE,19/03/2019,46.92
P13,S5,S,0.236868235,ABG_13,8,FALSE,19/03/2019,NA
P13,S5,W,0.128846797,ABG_13,12,TRUE,19/03/2019,36.66
P13,S6,E,NA,ABG_13,14,TRUE,19/03/2019,35.31
P13,S6,N,0.0042154,ABG_13,7,FALSE,19/03/2019,NA
P13,S6,S,NA,ABG_13,17,FALSE,19/03/2019,NA
P13,S6,W,0.006297856,ABG_13,19,FALSE,19/03/2019,NA
P13,S7,E,0.294963246,ABG_13,8,FALSE,19/03/2019,NA
P13,S7,N,0.264346423,ABG_13,7,TRUE,19/03/2019,37.09
P13,S7,S,0.362656986,ABG_13,14,FALSE,19/03/2019,NA
P13,S7,W,0.346471472,ABG_13,17,FALSE,19/03/2019,NA
P13,S8,E,0.237557141,ABG_13,7,FALSE,19/03/2019,NA
P13,S8,N,0.551228777,ABG_13,24,FALSE,19/03/2019,NA
P13,S8,S,0.259042191,ABG_13,39,FALSE,19/03/2019,NA
P13,S8,W,0.173995037,ABG_13,8,FALSE,19/03/2019,NA
P13,S9,E,0.192891057,ABG_13,17,FALSE,19/03/2019,NA
P13,S9,N,0.355576797,ABG_13,26,FALSE,19/03/2019,NA
P13,S9,S,0.87806586,ABG_13,29,TRUE,19/03/2019,101.85
P13,S9,W,0.191286386,ABG_13,14,FALSE,19/03/2019,NA
P14,S1,E,0.327040797,ABG_14,27,FALSE,21/03/2019,NA
P14,S1,N,0.278271367,ABG_14,42,FALSE,21/03/2019,NA
P14,S1,S,0.263768554,ABG_14,22,FALSE,21/03/2019,NA
P14,S1,W,0.281948513,ABG_14,4,TRUE,21/03/2019,11.17
P14,S2,E,0.160201189,ABG_14,7,FALSE,21/03/2019,NA
P14,S2,N,0.127574811,ABG_14,9,FALSE,21/03/2019,NA
P14,S2,S,0.277839632,ABG_14,8,FALSE,21/03/2019,NA
P14,S2,W,0.27606196,ABG_14,3,FALSE,21/03/2019,NA
P14,S3,E,0.237710964,ABG_14,30,FALSE,21/03/2019,NA
P14,S3,N,0.232444183,ABG_14,24,FALSE,21/03/2019,NA
P14,S3,S,0.210334857,ABG_14,8,TRUE,21/03/2019,22.38
P14,S3,W,0.220802707,ABG_14,6,FALSE,21/03/2019,NA
P14,S4,E,0.333879336,ABG_14,19,FALSE,21/03/2019,NA
P14,S4,N,0.296178713,ABG_14,17,FALSE,21/03/2019,NA
P14,S4,S,0.304864166,ABG_14,22,FALSE,21/03/2019,NA
P14,S4,W,0.511278811,ABG_14,15,FALSE,21/03/2019,NA
P14,S5,E,0.24780755,ABG_14,5,TRUE,21/03/2019,8.56
P14,S5,N,0.207898984,ABG_14,4,TRUE,21/03/2019,7.23
P14,S5,S,0.205784769,ABG_14,24,FALSE,21/03/2019,NA
P14,S5,W,0.187773409,ABG_14,9,FALSE,21/03/2019,NA
P14,S6,E,0.187090806,ABG_14,8,FALSE,21/03/2019,NA
P14,S6,N,0.311635935,ABG_14,7,FALSE,21/03/2019,NA
P14,S6,S,0.272656456,ABG_14,14,FALSE,21/03/2019,NA
P14,S6,W,0.169854576,ABG_14,17,TRUE,21/03/2019,46.26
P14,S7,E,0.078572901,ABG_14,9,FALSE,21/03/2019,NA
P14,S7,N,0.125260494,ABG_14,5,FALSE,21/03/2019,NA
P14,S7,S,0.113029608,ABG_14,6,TRUE,21/03/2019,14.32
P14,S7,W,0.061766894,ABG_14,5,FALSE,21/03/2019,NA
P14,S8,E,0.216844627,ABG_14,8,FALSE,21/03/2019,NA
P14,S8,N,0.540859502,ABG_14,9,FALSE,21/03/2019,NA
P14,S8,S,0.145107109,ABG_14,9,FALSE,21/03/2019,NA
P14,S8,W,0.21178342,ABG_14,13,FALSE,21/03/2019,NA
P14,S9,E,0.289963182,ABG_14,18,FALSE,21/03/2019,NA
P14,S9,N,0.289183367,ABG_14,12,FALSE,21/03/2019,NA
P14,S9,S,0.425094598,ABG_14,9,FALSE,21/03/2019,NA
P14,S9,W,0.282913097,ABG_14,19,FALSE,21/03/2019,NA
P15,S1,E,0.236325333,ABG_15,17,FALSE,23/03/2019,NA
P15,S1,N,0.313981785,ABG_15,12,FALSE,23/03/2019,NA
P15,S1,S,0.190398609,ABG_15,8,FALSE,23/03/2019,NA
P15,S1,W,0.118908785,ABG_15,17,FALSE,23/03/2019,NA
P15,S2,E,0.399579081,ABG_15,19,FALSE,23/03/2019,NA
P15,S2,N,0.273990112,ABG_15,9,FALSE,23/03/2019,NA
P15,S2,S,0.156421921,ABG_15,16,FALSE,23/03/2019,NA
P15,S2,W,0.346306279,ABG_15,9,FALSE,23/03/2019,NA
P15,S3,E,0.379637695,ABG_15,5,FALSE,23/03/2019,NA
P15,S3,N,0.270792204,ABG_15,5,FALSE,23/03/2019,NA
P15,S3,S,0.350241054,ABG_15,18,TRUE,23/03/2019,25.24
P15,S3,W,0.657412222,ABG_15,32,FALSE,23/03/2019,NA
P15,S4,E,0.222264191,ABG_15,18,FALSE,23/03/2019,NA
P15,S4,N,0.299173559,ABG_15,5,FALSE,23/03/2019,NA
P15,S4,S,0.203121269,ABG_15,19,TRUE,23/03/2019,53.5
P15,S4,W,0.133658266,ABG_15,8,TRUE,23/03/2019,28.65
P15,S5,E,0.218645928,ABG_15,11,FALSE,23/03/2019,NA
P15,S5,N,0.284500184,ABG_15,9,FALSE,23/03/2019,NA
P15,S5,S,0.195664624,ABG_15,11,FALSE,23/03/2019,NA
P15,S5,W,0.330530668,ABG_15,22,FALSE,23/03/2019,NA
P15,S6,E,0.323644972,ABG_15,15,FALSE,23/03/2019,NA
P15,S6,N,0.194687133,ABG_15,3,TRUE,23/03/2019,13.13
P15,S6,S,0.173130233,ABG_15,22,FALSE,23/03/2019,NA
P15,S6,W,0.293757583,ABG_15,17,FALSE,23/03/2019,NA
P15,S7,E,0.355032312,ABG_15,7,FALSE,23/03/2019,NA
P15,S7,N,0.272871411,ABG_15,7,FALSE,23/03/2019,NA
P15,S7,S,0.214723879,ABG_15,3,FALSE,23/03/2019,NA
P15,S7,W,0.204287577,ABG_15,44,FALSE,23/03/2019,NA
P15,S8,E,0.291251965,ABG_15,25,FALSE,23/03/2019,NA
P15,S8,N,0.387235484,ABG_15,30,FALSE,23/03/2019,NA
P15,S8,S,0.308321111,ABG_15,55,FALSE,23/03/2019,NA
P15,S8,W,0.223619735,ABG_15,10,FALSE,23/03/2019,NA
P15,S9,E,0.216866882,ABG_15,35,TRUE,23/03/2019,69
P15,S9,N,0.189760444,ABG_15,15,TRUE,23/03/2019,59.05
P15,S9,S,0.17624655,ABG_15,19,FALSE,23/03/2019,NA
P15,S9,W,0.300072053,ABG_15,9,FALSE,23/03/2019,NA
P1,S1,E,0.078370377,ABG_1,2,TRUE,24/02/2019,9.57
P1,S1,N,0.588895592,ABG_1,1,FALSE,24/02/2019,NA
P1,S1,S,0.138553114,ABG_1,2,FALSE,24/02/2019,NA
P1,S1,W,0.055075646,ABG_1,1,FALSE,24/02/2019,NA
P1,S2,E,0.046531097,ABG_1,1,TRUE,24/02/2019,21.49
P1,S2,N,0.05576918,ABG_1,3,FALSE,24/02/2019,NA
P1,S2,S,0.121475705,ABG_1,2,FALSE,24/02/2019,NA
P1,S2,W,0.040476173,ABG_1,1,FALSE,24/02/2019,NA
P1,S3,E,0.087123206,ABG_1,5,TRUE,24/02/2019,25.2
P1,S3,N,0.064197352,ABG_1,0,FALSE,24/02/2019,NA
P1,S3,S,0.351056309,ABG_1,6,FALSE,24/02/2019,NA
P1,S3,W,0.1555545,ABG_1,0,FALSE,24/02/2019,NA
P1,S4,E,0.206129343,ABG_1,0,FALSE,24/02/2019,NA
P1,S4,N,0.057908307,ABG_1,1,FALSE,24/02/2019,NA
P1,S4,S,0.138070553,ABG_1,1,FALSE,24/02/2019,NA
P1,S4,W,0.072382479,ABG_1,1,FALSE,24/02/2019,NA
P1,S5,E,0.265442435,ABG_1,0,FALSE,24/02/2019,NA
P1,S5,N,0.081491151,ABG_1,0,TRUE,24/02/2019,6.64
P1,S5,S,0.003330941,ABG_1,6,FALSE,24/02/2019,NA
P1,S5,W,0.031667342,ABG_1,0,FALSE,24/02/2019,NA
P1,S6,E,0.211697838,ABG_1,0,FALSE,24/02/2019,NA
P1,S6,N,0.016761754,ABG_1,1,FALSE,24/02/2019,NA
P1,S6,S,0.111145221,ABG_1,1,FALSE,24/02/2019,NA
P1,S6,W,0.210671249,ABG_1,3,TRUE,24/02/2019,35.19
P1,S7,E,0.179588707,ABG_1,1,FALSE,24/02/2019,NA
P1,S7,N,0.341025903,ABG_1,4,FALSE,24/02/2019,NA
P1,S7,S,0.234352412,ABG_1,1,FALSE,24/02/2019,NA
P1,S7,W,0.405185594,ABG_1,3,FALSE,24/02/2019,NA
P1,S8,E,0.065156989,ABG_1,0,FALSE,24/02/2019,NA
P1,S8,N,0.054158699,ABG_1,2,FALSE,24/02/2019,NA
P1,S8,S,0.064317076,ABG_1,1,FALSE,24/02/2019,NA
P1,S8,W,0.074529089,ABG_1,1,FALSE,24/02/2019,NA
P1,S9,E,0.711823368,ABG_1,1,FALSE,24/02/2019,NA
P1,S9,N,0.225382693,ABG_1,3,FALSE,24/02/2019,NA
P1,S9,S,0.094557065,ABG_1,1,TRUE,24/02/2019,19.28
P1,S9,W,0.122710283,ABG_1,1,FALSE,24/02/2019,NA
P2,S1,E,0.075807066,ABG_2,7,FALSE,08/03/2019,NA
P2,S1,N,0.162763917,ABG_2,13,FALSE,08/03/2019,NA
P2,S1,S,0.110085716,ABG_2,6,FALSE,08/03/2019,NA
P2,S1,W,0.046156718,ABG_2,11,FALSE,08/03/2019,NA
P2,S2,E,0.234847923,ABG_2,9,FALSE,08/03/2019,NA
P2,S2,N,0.335652346,ABG_2,5,FALSE,08/03/2019,NA
P2,S2,S,0.142122539,ABG_2,4,FALSE,08/03/2019,NA
P2,S2,W,0.19012868,ABG_2,3,FALSE,08/03/2019,NA
P2,S3,E,0.428355141,ABG_2,4,FALSE,08/03/2019,NA
P2,S3,N,0.229034292,ABG_2,4,FALSE,08/03/2019,NA
P2,S3,S,0.350517138,ABG_2,9,FALSE,08/03/2019,NA
P2,S3,W,0.15307178,ABG_2,9,FALSE,08/03/2019,NA
P2,S4,E,0.453801349,ABG_2,4,FALSE,08/03/2019,NA
P2,S4,N,0.169310394,ABG_2,10,FALSE,08/03/2019,NA
P2,S4,S,0.675350541,ABG_2,9,TRUE,08/03/2019,27.5
P2,S4,W,0.196988202,ABG_2,3,TRUE,08/03/2019,5.48
P2,S5,E,0.490019729,ABG_2,4,FALSE,08/03/2019,NA
P2,S5,N,0.332224806,ABG_2,5,FALSE,08/03/2019,NA
P2,S5,S,2.20E-05,ABG_2,4,TRUE,08/03/2019,30.67
P2,S5,W,0.194480808,ABG_2,7,FALSE,08/03/2019,NA
P2,S6,E,0.279111015,ABG_2,9,FALSE,08/03/2019,NA
P2,S6,N,0.15341528,ABG_2,7,FALSE,08/03/2019,NA
P2,S6,S,0.046793638,ABG_2,25,FALSE,08/03/2019,NA
P2,S6,W,0.274885252,ABG_2,4,FALSE,08/03/2019,NA
P2,S7,E,0.601817368,ABG_2,12,FALSE,08/03/2019,NA
P2,S7,N,0.399580297,ABG_2,6,TRUE,08/03/2019,36.97
P2,S7,S,0.116451391,ABG_2,19,FALSE,08/03/2019,NA
P2,S7,W,0.14299111,ABG_2,25,FALSE,08/03/2019,NA
P2,S8,E,0.202847961,ABG_2,19,FALSE,08/03/2019,NA
P2,S8,N,0.131223967,ABG_2,8,FALSE,08/03/2019,NA
P2,S8,S,0.239268016,ABG_2,9,FALSE,08/03/2019,NA
P2,S8,W,0.108911003,ABG_2,40,FALSE,08/03/2019,NA
P2,S9,E,0.764154845,ABG_2,10,TRUE,08/03/2019,80.32
P2,S9,N,0.945019461,ABG_2,18,FALSE,08/03/2019,NA
P2,S9,S,0.316930983,ABG_2,7,FALSE,08/03/2019,NA
P2,S9,W,0.295333563,ABG_2,25,TRUE,08/03/2019,31.76
P3,S1,E,0.085911131,ABG_3,4,FALSE,09/03/2019,NA
P3,S1,N,0.074543995,ABG_3,3,FALSE,09/03/2019,NA
P3,S1,S,0.077809289,ABG_3,8,TRUE,09/03/2019,15.17
P3,S1,W,0.120137988,ABG_3,4,FALSE,09/03/2019,NA
P3,S2,E,0.145059956,ABG_3,7,TRUE,09/03/2019,54.66
P3,S2,N,0.206584385,ABG_3,2,TRUE,09/03/2019,23.66
P3,S2,S,0.195083219,ABG_3,6,FALSE,09/03/2019,NA
P3,S2,W,0.098292233,ABG_3,4,FALSE,09/03/2019,NA
P3,S3,E,0.123697695,ABG_3,4,FALSE,09/03/2019,NA
P3,S3,N,0.12328208,ABG_3,4,FALSE,09/03/2019,NA
P3,S3,S,0.123309537,ABG_3,3,FALSE,09/03/2019,NA
P3,S3,W,0.216318511,ABG_3,3,FALSE,09/03/2019,NA
P3,S4,E,0.1122556,ABG_3,4,FALSE,09/03/2019,NA
P3,S4,N,0.035600262,ABG_3,2,FALSE,09/03/2019,NA
P3,S4,S,0.08860633,ABG_3,2,FALSE,09/03/2019,NA
P3,S4,W,0.243907242,ABG_3,3,FALSE,09/03/2019,NA
P3,S5,E,0.146748882,ABG_3,8,FALSE,09/03/2019,NA
P3,S5,N,0.16789305,ABG_3,4,FALSE,09/03/2019,NA
P3,S5,S,0.099106942,ABG_3,8,FALSE,09/03/2019,NA
P3,S5,W,0.264458835,ABG_3,17,FALSE,09/03/2019,NA
P3,S6,E,0.210604298,ABG_3,9,FALSE,09/03/2019,NA
P3,S6,N,0.275868324,ABG_3,9,TRUE,09/03/2019,28.58
P3,S6,S,0.372363331,ABG_3,8,TRUE,09/03/2019,56.18
P3,S6,W,0.171705088,ABG_3,9,FALSE,09/03/2019,NA
P3,S7,E,0.128846069,ABG_3,7,FALSE,09/03/2019,NA
P3,S7,N,0.100222203,ABG_3,9,FALSE,09/03/2019,NA
P3,S7,S,0.116490033,ABG_3,7,FALSE,09/03/2019,NA
P3,S7,W,0.130253148,ABG_3,4,FALSE,09/03/2019,NA
P3,S8,E,0.210052299,ABG_3,12,FALSE,09/03/2019,NA
P3,S8,N,0.199731877,ABG_3,7,FALSE,09/03/2019,NA
P3,S8,S,0.194775483,ABG_3,4,TRUE,09/03/2019,18.34
P3,S8,W,0.201742892,ABG_3,5,FALSE,09/03/2019,NA
P3,S9,E,0.278012211,ABG_3,6,FALSE,09/03/2019,NA
P3,S9,N,0.572898431,ABG_3,39,FALSE,09/03/2019,NA
P3,S9,S,0.325306482,ABG_3,7,FALSE,09/03/2019,NA
P3,S9,W,0.246602542,ABG_3,5,FALSE,09/03/2019,NA
P4,S1,E,0.169348414,ABG_4,49,FALSE,10/03/2019,NA
P4,S1,N,0.235654792,ABG_4,0,TRUE,10/03/2019,0
P4,S1,S,0.210596341,ABG_4,0,FALSE,10/03/2019,NA
P4,S1,W,0.180906238,ABG_4,9,FALSE,10/03/2019,NA
P4,S2,E,0.055758566,ABG_4,3,FALSE,10/03/2019,NA
P4,S2,N,0.083040823,ABG_4,8,FALSE,10/03/2019,NA
P4,S2,S,0.430480002,ABG_4,1,FALSE,10/03/2019,NA
P4,S2,W,0.042920929,ABG_4,3,FALSE,10/03/2019,NA
P4,S3,E,0.206106293,ABG_4,12,FALSE,10/03/2019,NA
P4,S3,N,0.241708986,ABG_4,3,TRUE,10/03/2019,16.78
P4,S3,S,0.4411563,ABG_4,9,FALSE,10/03/2019,NA
P4,S3,W,0.44702029,ABG_4,5,FALSE,10/03/2019,NA
P4,S4,E,0.293139454,ABG_4,6,FALSE,10/03/2019,NA
P4,S4,N,0.220116491,ABG_4,4,FALSE,10/03/2019,NA
P4,S4,S,0.229356606,ABG_4,8,TRUE,10/03/2019,48.15
P4,S4,W,0.408506065,ABG_4,4,TRUE,10/03/2019,27.94
P4,S5,E,0.056672949,ABG_4,5,FALSE,10/03/2019,NA
P4,S5,N,0.140325015,ABG_4,4,FALSE,10/03/2019,NA
P4,S5,S,0.206857145,ABG_4,3,FALSE,10/03/2019,NA
P4,S5,W,0.426738621,ABG_4,2,FALSE,10/03/2019,NA
P4,S6,E,0.091902827,ABG_4,6,TRUE,10/03/2019,40.86
P4,S6,N,0.118423332,ABG_4,3,FALSE,10/03/2019,NA
P4,S6,S,0.222003617,ABG_4,2,FALSE,10/03/2019,NA
P4,S6,W,0.219181126,ABG_4,4,FALSE,10/03/2019,NA
P4,S7,E,0.080371975,ABG_4,6,FALSE,10/03/2019,NA
P4,S7,N,0.318615023,ABG_4,4,TRUE,10/03/2019,26.38
P4,S7,S,0.466112962,ABG_4,4,FALSE,10/03/2019,NA
P4,S7,W,0.159709094,ABG_4,3,FALSE,10/03/2019,NA
P4,S8,E,0.164333009,ABG_4,5,FALSE,10/03/2019,NA
P4,S8,N,0.119432872,ABG_4,2,FALSE,10/03/2019,NA
P4,S8,S,0.173621081,ABG_4,12,FALSE,10/03/2019,NA
P4,S8,W,0.212799851,ABG_4,4,FALSE,10/03/2019,NA
P4,S9,E,0.306035399,ABG_4,4,FALSE,10/03/2019,NA
P4,S9,N,0.084813554,ABG_4,4,FALSE,10/03/2019,NA
P4,S9,S,0.150502557,ABG_4,7,FALSE,10/03/2019,NA
P4,S9,W,0.106390256,ABG_4,9,FALSE,10/03/2019,NA
P5,S1,E,0.085947909,ABG_5,9,FALSE,15/02/2019,NA
P5,S1,N,0.095190467,ABG_5,3,FALSE,15/02/2019,NA
P5,S1,S,0.067984126,ABG_5,5.1,FALSE,15/02/2019,NA
P5,S1,W,0.596589994,ABG_5,9.1,FALSE,15/02/2019,NA
P5,S2,E,0.089077824,ABG_5,7,FALSE,15/02/2019,NA
P5,S2,N,0.083897655,ABG_5,1,FALSE,15/02/2019,NA
P5,S2,S,0.145961897,ABG_5,3,TRUE,15/02/2019,4.81
P5,S2,W,0.125674658,ABG_5,5,FALSE,15/02/2019,NA
P5,S3,E,0.065438115,ABG_5,5.4,FALSE,15/02/2019,NA
P5,S3,N,0.076448848,ABG_5,2.8,FALSE,15/02/2019,NA
P5,S3,S,0.635267479,ABG_5,2.2,FALSE,15/02/2019,NA
P5,S3,W,0.144677067,ABG_5,2.8,FALSE,15/02/2019,NA
P5,S4,E,0.458074173,ABG_5,6,FALSE,15/02/2019,NA
P5,S4,N,0.332899186,ABG_5,2,FALSE,15/02/2019,NA
P5,S4,S,0.042174126,ABG_5,3,FALSE,15/02/2019,NA
P5,S4,W,0.095445949,ABG_5,3,FALSE,15/02/2019,NA
P5,S5,E,0.099272855,ABG_5,4,FALSE,15/02/2019,NA
P5,S5,N,0.539544136,ABG_5,0,FALSE,15/02/2019,NA
P5,S5,S,0.3217788,ABG_5,1.8,TRUE,15/02/2019,9.63
P5,S5,W,0.305351555,ABG_5,3.5,FALSE,15/02/2019,NA
P5,S6,E,0.033862044,ABG_5,0.5,FALSE,15/02/2019,NA
P5,S6,N,0.02224059,ABG_5,0,FALSE,15/02/2019,NA
P5,S6,S,0.048460964,ABG_5,1,FALSE,15/02/2019,NA
P5,S6,W,0.024418124,ABG_5,0,TRUE,15/02/2019,40.04
P5,S7,E,0.012256195,ABG_5,1,FALSE,15/02/2019,NA
P5,S7,N,0.008407838,ABG_5,0,FALSE,15/02/2019,NA
P5,S7,S,0.341456285,ABG_5,4,TRUE,15/02/2019,3.9
P5,S7,W,0.448993845,ABG_5,2,TRUE,15/02/2019,5.27
P5,S8,E,0.074475894,ABG_5,0,FALSE,15/02/2019,NA
P5,S8,N,0.105000815,ABG_5,2.1,FALSE,15/02/2019,NA
P5,S8,S,0.063929171,ABG_5,4,TRUE,15/02/2019,17.16
P5,S8,W,0.094953857,ABG_5,0,FALSE,15/02/2019,NA
P5,S9,E,0.099888523,ABG_5,0,FALSE,15/02/2019,NA
P5,S9,N,0.200997471,ABG_5,2,FALSE,15/02/2019,NA
P5,S9,S,0.159568309,ABG_5,2,FALSE,15/02/2019,NA
P5,S9,W,0.123714362,ABG_5,2.2,FALSE,15/02/2019,NA
P6,S1,E,0.057304015,ABG_6,3,FALSE,17/02/2019,NA
P6,S1,N,0.044711625,ABG_6,21,FALSE,17/02/2019,NA
P6,S1,S,0.127617253,ABG_6,15,FALSE,17/02/2019,NA
P6,S1,W,0.087514894,ABG_6,12.5,FALSE,17/02/2019,NA
P6,S2,E,0.120631689,ABG_6,3,FALSE,17/02/2019,NA
P6,S2,N,0.067079437,ABG_6,2,FALSE,17/02/2019,NA
P6,S2,S,0.174819298,ABG_6,7,FALSE,17/02/2019,NA
P6,S2,W,0.143036955,ABG_6,3,TRUE,17/02/2019,0.7
P6,S3,E,0.052113326,ABG_6,1,FALSE,17/02/2019,NA
P6,S3,N,0.098554468,ABG_6,10,FALSE,17/02/2019,NA
P6,S3,S,0.132933312,ABG_6,6,FALSE,17/02/2019,NA
P6,S3,W,0.620068089,ABG_6,2,FALSE,17/02/2019,NA
P6,S4,E,0.125063173,ABG_6,3,FALSE,17/02/2019,NA
P6,S4,N,0.175023384,ABG_6,14,TRUE,17/02/2019,3.58
P6,S4,S,0.095663919,ABG_6,2,FALSE,17/02/2019,NA
P6,S4,W,0.100861912,ABG_6,5,FALSE,17/02/2019,NA
P6,S5,E,0.131332256,ABG_6,3,TRUE,17/02/2019,20.1
P6,S5,N,0.006895417,ABG_6,2,FALSE,17/02/2019,NA
P6,S5,S,0.01376902,ABG_6,5,FALSE,17/02/2019,NA
P6,S5,W,0.335042454,ABG_6,1,FALSE,17/02/2019,NA
P6,S6,E,0.076022274,ABG_6,10,FALSE,17/02/2019,NA
P6,S6,N,0.05877947,ABG_6,8,FALSE,17/02/2019,NA
P6,S6,S,0.340414011,ABG_6,2,FALSE,17/02/2019,NA
P6,S6,W,0.086322469,ABG_6,2,TRUE,17/02/2019,0
P6,S7,E,0.042889786,ABG_6,5,TRUE,17/02/2019,11.81
P6,S7,N,0.048995908,ABG_6,8,FALSE,17/02/2019,NA
P6,S7,S,0.021658461,ABG_6,10,TRUE,17/02/2019,5.05
P6,S7,W,0.070798949,ABG_6,8,FALSE,17/02/2019,NA
P6,S8,E,0.061475435,ABG_6,1,FALSE,17/02/2019,NA
P6,S8,N,0.05543581,ABG_6,1,FALSE,17/02/2019,NA
P6,S8,S,0.032189619,ABG_6,2,FALSE,17/02/2019,NA
P6,S8,W,0.053556958,ABG_6,1,FALSE,17/02/2019,NA
P6,S9,E,0.141439341,ABG_6,16,FALSE,17/02/2019,NA
P6,S9,N,0.139774513,ABG_6,2,FALSE,17/02/2019,NA
P6,S9,S,0.273935935,ABG_6,8,FALSE,17/02/2019,NA
P6,S9,W,0.232696345,ABG_6,1,FALSE,17/02/2019,NA
P7,S1,E,0.051956247,ABG_7,0.4,FALSE,19/02/2019,NA
P7,S1,N,0.055550461,ABG_7,0.5,FALSE,19/02/2019,NA
P7,S1,S,0.124552963,ABG_7,0.3,FALSE,19/02/2019,NA
P7,S1,W,0.075426709,ABG_7,4.8,FALSE,19/02/2019,NA
P7,S2,E,0.053430486,ABG_7,5.5,FALSE,19/02/2019,NA
P7,S2,N,0.149176309,ABG_7,3,FALSE,19/02/2019,NA
P7,S2,S,0.106530991,ABG_7,1.5,FALSE,19/02/2019,NA
P7,S2,W,0.054959151,ABG_7,8.4,FALSE,19/02/2019,NA
P7,S3,E,0.026443022,ABG_7,4,TRUE,19/02/2019,10.67
P7,S3,N,0.180409264,ABG_7,2.8,FALSE,19/02/2019,NA
P7,S3,S,0.023534861,ABG_7,2.5,FALSE,19/02/2019,NA
P7,S3,W,0.503968065,ABG_7,4,TRUE,19/02/2019,36.49
P7,S4,E,0.0263621,ABG_7,4.8,TRUE,19/02/2019,7.95
P7,S4,N,0.378059111,ABG_7,2,FALSE,19/02/2019,NA
P7,S4,S,0.139421841,ABG_7,4.8,FALSE,19/02/2019,NA
P7,S4,W,0.106761891,ABG_7,4,FALSE,19/02/2019,NA
P7,S5,E,0.337308335,ABG_7,4.8,FALSE,19/02/2019,NA
P7,S5,N,0.510920682,ABG_7,4.9,FALSE,19/02/2019,NA
P7,S5,S,0.083342279,ABG_7,2.5,FALSE,19/02/2019,NA
P7,S5,W,0.099713277,ABG_7,2,FALSE,19/02/2019,NA
P7,S6,E,0.095832864,ABG_7,2.5,FALSE,19/02/2019,NA
P7,S6,N,0.34527926,ABG_7,4.7,FALSE,19/02/2019,NA
P7,S6,S,0.135655536,ABG_7,2,FALSE,19/02/2019,NA
P7,S6,W,0.316089082,ABG_7,3,FALSE,19/02/2019,NA
P7,S7,E,0.07410566,ABG_7,4.5,FALSE,19/02/2019,NA
P7,S7,N,0.162053084,ABG_7,4,FALSE,19/02/2019,NA
P7,S7,S,0.226318284,ABG_7,5,FALSE,19/02/2019,NA
P7,S7,W,0.084996837,ABG_7,5.5,FALSE,19/02/2019,NA
P7,S8,E,0.285777275,ABG_7,4,TRUE,19/02/2019,10.81
P7,S8,N,0.330449481,ABG_7,2,FALSE,19/02/2019,NA
P7,S8,S,0.35712324,ABG_7,9,FALSE,19/02/2019,NA
P7,S8,W,0.362470231,ABG_7,2.5,TRUE,19/02/2019,9.28
P7,S9,E,0.093702183,ABG_7,2,FALSE,19/02/2019,NA
P7,S9,N,0.209507046,ABG_7,5,FALSE,19/02/2019,NA
P7,S9,S,0.055536229,ABG_7,3,FALSE,19/02/2019,NA
P7,S9,W,0.274818911,ABG_7,4.9,TRUE,19/02/2019,13.63
P8,S1,E,0.266422074,ABG_8,10,FALSE,21/02/2019,NA
P8,S1,N,0.233911874,ABG_8,25,FALSE,21/02/2019,NA
P8,S1,S,0.213212085,ABG_8,3,TRUE,21/02/2019,4.19
P8,S1,W,0.477570437,ABG_8,7,TRUE,21/02/2019,31.43
P8,S2,E,0.226470345,ABG_8,2,FALSE,21/02/2019,NA
P8,S2,N,0.242177232,ABG_8,22,TRUE,21/02/2019,16.19
P8,S2,S,0.40686001,ABG_8,3,TRUE,21/02/2019,13.53
P8,S2,W,0.141615341,ABG_8,3,FALSE,21/02/2019,NA
P8,S3,E,0.073941396,ABG_8,5,FALSE,21/02/2019,NA
P8,S3,N,0.179235926,ABG_8,8,FALSE,21/02/2019,NA
P8,S3,S,0.097296133,ABG_8,2,FALSE,21/02/2019,NA
P8,S3,W,0.260121712,ABG_8,3,FALSE,21/02/2019,NA
P8,S4,E,0.183258397,ABG_8,15,FALSE,21/02/2019,NA
P8,S4,N,0.413199543,ABG_8,8,FALSE,21/02/2019,NA
P8,S4,S,0.132376384,ABG_8,8,FALSE,21/02/2019,NA
P8,S4,W,0.099468174,ABG_8,6,FALSE,21/02/2019,NA
P8,S5,E,0.136052552,ABG_8,19,TRUE,21/02/2019,6.56
P8,S5,N,0.326965232,ABG_8,34,FALSE,21/02/2019,NA
P8,S5,S,0.114092294,ABG_8,15,FALSE,21/02/2019,NA
P8,S5,W,0.346983516,ABG_8,8,FALSE,21/02/2019,NA
P8,S6,E,0.140900458,ABG_8,9,FALSE,21/02/2019,NA
P8,S6,N,0.227251039,ABG_8,4,FALSE,21/02/2019,NA
P8,S6,S,0.091876039,ABG_8,6,TRUE,21/02/2019,20.46
P8,S6,W,0.174016961,ABG_8,19,FALSE,21/02/2019,NA
P8,S7,E,0.080980812,ABG_8,10,FALSE,21/02/2019,NA
P8,S7,N,0.085826972,ABG_8,16,FALSE,21/02/2019,NA
P8,S7,S,0.059745893,ABG_8,5,FALSE,21/02/2019,NA
P8,S7,W,0.019803975,ABG_8,4,FALSE,21/02/2019,NA
P8,S8,E,0.079003238,ABG_8,5,FALSE,21/02/2019,NA
P8,S8,N,0.325315996,ABG_8,3,FALSE,21/02/2019,NA
P8,S8,S,0.104540263,ABG_8,12,FALSE,21/02/2019,NA
P8,S8,W,0.10193348,ABG_8,4,FALSE,21/02/2019,NA
P8,S9,E,0.123081177,ABG_8,5,FALSE,21/02/2019,NA
P8,S9,N,0.266869461,ABG_8,4,FALSE,21/02/2019,NA
P8,S9,S,0.343075758,ABG_8,1,FALSE,21/02/2019,NA
P8,S9,W,0.147918126,ABG_8,1,FALSE,21/02/2019,NA
P9,S1,E,0.24739484,ABG_9,9,FALSE,12/03/2019,NA
P9,S1,N,0.176590124,ABG_9,7,FALSE,12/03/2019,NA
P9,S1,S,0.202756056,ABG_9,14,FALSE,12/03/2019,NA
P9,S1,W,0.240856669,ABG_9,3,FALSE,12/03/2019,NA
P9,S2,E,0.184113529,ABG_9,18,FALSE,12/03/2019,NA
P9,S2,N,0.103588479,ABG_9,8,TRUE,12/03/2019,9.2
P9,S2,S,0.179487507,ABG_9,7,FALSE,12/03/2019,NA
P9,S2,W,0.132499561,ABG_9,3,TRUE,12/03/2019,10.35
P9,S3,E,0.11555455,ABG_9,9,FALSE,12/03/2019,NA
P9,S3,N,0.08325583,ABG_9,9,FALSE,12/03/2019,NA
P9,S3,S,0.211185413,ABG_9,6,FALSE,12/03/2019,NA
P9,S3,W,0.103388414,ABG_9,7,FALSE,12/03/2019,NA
P9,S4,E,0.335067976,ABG_9,9,FALSE,12/03/2019,NA
P9,S4,N,0.17198972,ABG_9,8,FALSE,12/03/2019,NA
P9,S4,S,0.589193648,ABG_9,4,FALSE,12/03/2019,NA
P9,S4,W,0.374393898,ABG_9,22,FALSE,12/03/2019,NA
P9,S5,E,0.438899195,ABG_9,4,FALSE,12/03/2019,NA
P9,S5,N,0.186696377,ABG_9,6,TRUE,12/03/2019,20.2
P9,S5,S,0.480804028,ABG_9,3,FALSE,12/03/2019,NA
P9,S5,W,0.307548914,ABG_9,3,FALSE,12/03/2019,NA
P9,S6,E,0.390962299,ABG_9,9,FALSE,12/03/2019,NA
P9,S6,N,0.342132895,ABG_9,9,TRUE,12/03/2019,15.98
P9,S6,S,0.405649453,ABG_9,11,FALSE,12/03/2019,NA
P9,S6,W,0.227810642,ABG_9,12,FALSE,12/03/2019,NA
P9,S7,E,0.081991633,ABG_9,9,FALSE,12/03/2019,NA
P9,S7,N,0.089377862,ABG_9,14,FALSE,12/03/2019,NA
P9,S7,S,0.11460147,ABG_9,9,FALSE,12/03/2019,NA
P9,S7,W,0.317476877,ABG_9,6,FALSE,12/03/2019,NA
P9,S8,E,0.221803054,ABG_9,15,FALSE,12/03/2019,NA
P9,S8,N,0.182398341,ABG_9,21,TRUE,12/03/2019,32.47
P9,S8,S,0.157006152,ABG_9,7,FALSE,12/03/2019,NA
P9,S8,W,0.116140731,ABG_9,11,TRUE,12/03/2019,48.59
P9,S9,E,0.25429711,ABG_9,6,FALSE,12/03/2019,NA
P9,S9,N,0.14508321,ABG_9,7,FALSE,12/03/2019,NA
P9,S9,S,0.07313371,ABG_9,7,FALSE,12/03/2019,NA
P9,S9,W,0.003488267,ABG_9,6,FALSE,12/03/2019,NA
S3,S1,E,0.081495113,TKW_7,25,FALSE,10/03/2020,NA
S3,S1,N,0.143240119,TKW_7,27,FALSE,10/03/2020,NA
S3,S1,S,0.545463845,TKW_7,40,FALSE,10/03/2020,NA
S3,S1,W,0.165906012,TKW_7,40,FALSE,10/03/2020,NA
S3,S2,E,0.095993035,TKW_7,40,TRUE,10/03/2020,NA
S3,S2,N,0.185304708,TKW_7,50,FALSE,10/03/2020,NA
S3,S2,S,0.48512592,TKW_7,45,FALSE,10/03/2020,NA
S3,S2,W,0.463067104,TKW_7,50,FALSE,10/03/2020,NA
S3,S3,E,0.16940356,TKW_7,52,TRUE,10/03/2020,NA
S3,S3,N,0.11147816,TKW_7,40,FALSE,10/03/2020,NA
S3,S3,S,0.32398842,TKW_7,20,FALSE,10/03/2020,NA
S3,S3,W,0.260770912,TKW_7,40,FALSE,10/03/2020,NA
S3,S4,E,1.025969506,TKW_7,23,FALSE,10/03/2020,NA
S3,S4,N,0.545104164,TKW_7,67,TRUE,10/03/2020,NA
S3,S4,S,0.264963858,TKW_7,26,TRUE,10/03/2020,NA
S3,S4,W,0.455995348,TKW_7,40,TRUE,10/03/2020,NA
S3,S5,E,0.280675005,TKW_7,22,FALSE,10/03/2020,NA
S3,S5,N,0.144582885,TKW_7,8,TRUE,10/03/2020,NA
S3,S5,S,0.150214247,TKW_7,36,TRUE,10/03/2020,NA
S3,S5,W,0.402022928,TKW_7,35,FALSE,10/03/2020,NA
S3,S6,E,0.797069304,TKW_7,36,FALSE,10/03/2020,NA
S3,S6,N,0.440482393,TKW_7,40,FALSE,10/03/2020,NA
S3,S6,S,0.480849672,TKW_7,40,FALSE,10/03/2020,NA
S3,S6,W,0.121012928,TKW_7,36,TRUE,10/03/2020,NA
S3,S7,E,0.104436791,TKW_7,17,FALSE,10/03/2020,NA
S3,S7,N,0.310320275,TKW_7,22,FALSE,10/03/2020,NA
S3,S7,S,0.268423415,TKW_7,28,FALSE,10/03/2020,NA
S3,S7,W,0.232680573,TKW_7,27,TRUE,10/03/2020,NA
S3,S8,E,0.347202416,TKW_7,55,FALSE,10/03/2020,NA
S3,S8,N,0.225016356,TKW_7,12,FALSE,10/03/2020,NA
S3,S8,S,0.507286985,TKW_7,53,FALSE,10/03/2020,NA
S3,S8,W,0.383385811,TKW_7,23,FALSE,10/03/2020,NA
S3,S9,E,0.349517667,TKW_7,48,FALSE,10/03/2020,NA
S3,S9,N,0.197314493,TKW_7,20,FALSE,10/03/2020,NA
S3,S9,S,0.262684263,TKW_7,29,FALSE,10/03/2020,NA
S3,S9,W,0.529503606,TKW_7,33,FALSE,10/03/2020,NA
S5,S1,E,0.378429404,TKW_9,11,FALSE,06/03/2020,NA
S5,S1,N,0.224619029,TKW_9,10,FALSE,06/03/2020,NA
S5,S1,S,0.546684133,TKW_9,17,TRUE,06/03/2020,NA
S5,S1,W,0.370399217,TKW_9,13,FALSE,06/03/2020,NA
S5,S2,E,0.546348104,TKW_9,22,FALSE,06/03/2020,NA
S5,S2,N,0.263094093,TKW_9,18,FALSE,06/03/2020,NA
S5,S2,S,0.377155165,TKW_9,26,FALSE,06/03/2020,NA
S5,S2,W,0.207323404,TKW_9,24,FALSE,06/03/2020,NA
S5,S3,E,0.247445463,TKW_9,27,TRUE,06/03/2020,NA
S5,S3,N,0.168558723,TKW_9,28,FALSE,06/03/2020,NA
S5,S3,S,0.215080845,TKW_9,14,TRUE,06/03/2020,NA
S5,S3,W,0.157890354,TKW_9,13,TRUE,06/03/2020,NA
S5,S4,E,0.107727639,TKW_9,5,TRUE,06/03/2020,NA
S5,S4,N,0.1463957,TKW_9,12,FALSE,06/03/2020,NA
S5,S4,S,0.220114783,TKW_9,11,FALSE,06/03/2020,NA
S5,S4,W,0.108015165,TKW_9,5,FALSE,06/03/2020,NA
S5,S5,E,0.243393904,TKW_9,19,TRUE,06/03/2020,NA
S5,S5,N,0.231508728,TKW_9,16,TRUE,06/03/2020,NA
S5,S5,S,0.250984059,TKW_9,13,FALSE,06/03/2020,NA
S5,S5,W,0.222309059,TKW_9,8,FALSE,06/03/2020,NA
S5,S6,E,0.229065315,TKW_9,13,FALSE,06/03/2020,NA
S5,S6,N,0.664699439,TKW_9,11,FALSE,06/03/2020,NA
S5,S6,S,0.239098908,TKW_9,24,FALSE,06/03/2020,NA
S5,S6,W,0.208636354,TKW_9,18,FALSE,06/03/2020,NA
S5,S7,E,0.39338527,TKW_9,25,FALSE,06/03/2020,NA
S5,S7,N,0.378552417,TKW_9,30,FALSE,06/03/2020,NA
S5,S7,S,0.367855854,TKW_9,30,FALSE,06/03/2020,NA
S5,S7,W,0.507063956,TKW_9,33,FALSE,06/03/2020,NA
S5,S8,E,0.523704898,TKW_9,23,FALSE,06/03/2020,NA
S5,S8,N,0.170345762,TKW_9,8,FALSE,06/03/2020,NA
S5,S8,S,0.376226953,TKW_9,18,FALSE,06/03/2020,NA
S5,S8,W,0.508968679,TKW_9,22,TRUE,06/03/2020,NA
S5,S9,E,0.286063438,TKW_9,13,FALSE,06/03/2020,NA
S5,S9,N,0.205008224,TKW_9,11,FALSE,06/03/2020,NA
S5,S9,S,0.237024771,TKW_9,10,FALSE,06/03/2020,NA
S5,S9,W,0.127008011,TKW_9,4,TRUE,06/03/2020,NA
S7,S1,E,0.387501508,TKW_10,38,FALSE,25/02/2020,NA
S7,S1,N,0.302355578,TKW_10,35,FALSE,25/02/2020,NA
S7,S1,S,0.422457239,TKW_10,25,TRUE,25/02/2020,NA
S7,S1,W,0.49834271,TKW_10,45,FALSE,25/02/2020,NA
S7,S2,E,0.518497135,TKW_10,34,FALSE,25/02/2020,NA
S7,S2,N,0.310712123,TKW_10,40,FALSE,25/02/2020,NA
S7,S2,S,0.325286528,TKW_10,17,FALSE,25/02/2020,NA
S7,S2,W,0.254654217,TKW_10,24,TRUE,25/02/2020,NA
S7,S3,E,0.464038586,TKW_10,15,FALSE,25/02/2020,NA
S7,S3,N,0.286495838,TKW_10,25,FALSE,25/02/2020,NA
S7,S3,S,0.305104082,TKW_10,35,TRUE,25/02/2020,NA
S7,S3,W,0.258023812,TKW_10,12,FALSE,25/02/2020,NA
S7,S4,E,0.690550574,TKW_10,26,FALSE,25/02/2020,NA
S7,S4,N,0.230667269,TKW_10,25,TRUE,25/02/2020,NA
S7,S4,S,0.363529819,TKW_10,15,FALSE,25/02/2020,NA
S7,S4,W,0.248188298,TKW_10,30,TRUE,25/02/2020,NA
S7,S5,E,0.193108672,TKW_10,7,FALSE,25/02/2020,NA
S7,S5,N,0.32723168,TKW_10,27,TRUE,25/02/2020,NA
S7,S5,S,0.240884895,TKW_10,24,TRUE,25/02/2020,NA
S7,S5,W,0.357363407,TKW_10,28,FALSE,25/02/2020,NA
S7,S6,E,0.345588714,TKW_10,20,FALSE,25/02/2020,NA
S7,S6,N,0.286172165,TKW_10,7,FALSE,25/02/2020,NA
S7,S6,S,0.268203012,TKW_10,17,FALSE,25/02/2020,NA
S7,S6,W,0.276802875,TKW_10,13,FALSE,25/02/2020,NA
S7,S7,E,0.282500597,TKW_10,20,FALSE,25/02/2020,NA
S7,S7,N,0.46246148,TKW_10,37,FALSE,25/02/2020,NA
S7,S7,S,0.247844552,TKW_10,12,FALSE,25/02/2020,NA
S7,S7,W,0.459365061,TKW_10,27,FALSE,25/02/2020,NA
S7,S8,E,0.001725333,TKW_10,18,FALSE,25/02/2020,NA
S7,S8,N,NA,TKW_10,45,FALSE,25/02/2020,NA
S7,S8,S,NA,TKW_10,27,FALSE,25/02/2020,NA
S7,S8,W,0.001028,TKW_10,18,FALSE,25/02/2020,NA
S7,S9,E,0.225384919,TKW_10,18,TRUE,25/02/2020,NA
S7,S9,N,0.140819949,TKW_10,10,TRUE,25/02/2020,NA
S7,S9,S,0.149594356,TKW_10,20,FALSE,25/02/2020,NA
S7,S9,W,0.137797926,TKW_10,15,FALSE,25/02/2020,NA
W11,S1,E,0.22903186,TKW_13,26,TRUE,09/03/2020,NA
W11,S1,N,0.546242406,TKW_13,25,FALSE,09/03/2020,NA
W11,S1,S,0.236419287,TKW_13,30,FALSE,09/03/2020,NA
W11,S1,W,0.282484908,TKW_13,30,TRUE,09/03/2020,NA
W11,S2,E,0.288999789,TKW_13,16,FALSE,09/03/2020,NA
W11,S2,N,0.188958719,TKW_13,18,FALSE,09/03/2020,NA
W11,S2,S,0.190001695,TKW_13,26,TRUE,09/03/2020,NA
W11,S2,W,0.192817308,TKW_13,20,FALSE,09/03/2020,NA
W11,S3,E,0.279183207,TKW_13,21,FALSE,09/03/2020,NA
W11,S3,N,0.161454219,TKW_13,21,FALSE,09/03/2020,NA
W11,S3,S,0.161422276,TKW_13,15,FALSE,09/03/2020,NA
W11,S3,W,0.229690626,TKW_13,30,FALSE,09/03/2020,NA
W11,S4,E,0.275878596,TKW_13,16,FALSE,09/03/2020,NA
W11,S4,N,0.382471618,TKW_13,14,FALSE,09/03/2020,NA
W11,S4,S,0.321913437,TKW_13,25,TRUE,09/03/2020,NA
W11,S4,W,0.675016436,TKW_13,21,TRUE,09/03/2020,NA
W11,S5,E,0.383569383,TKW_13,25,FALSE,09/03/2020,NA
W11,S5,N,0.259014279,TKW_13,22,FALSE,09/03/2020,NA
W11,S5,S,0.312291717,TKW_13,20,TRUE,09/03/2020,NA
W11,S5,W,0.366680908,TKW_13,17,FALSE,09/03/2020,NA
W11,S6,E,0.282849195,TKW_13,18,FALSE,09/03/2020,NA
W11,S6,N,0.295534715,TKW_13,13,FALSE,09/03/2020,NA
W11,S6,S,0.401858857,TKW_13,27,FALSE,09/03/2020,NA
W11,S6,W,0.229172615,TKW_13,26,TRUE,09/03/2020,NA
W11,S7,E,0.3265305,TKW_13,39,FALSE,09/03/2020,NA
W11,S7,N,0.202419525,TKW_13,10,FALSE,09/03/2020,NA
W11,S7,S,0.313053912,TKW_13,35,FALSE,09/03/2020,NA
W11,S7,W,0.401592661,TKW_13,30,FALSE,09/03/2020,NA
W11,S8,E,0.55764509,TKW_13,30,TRUE,09/03/2020,NA
W11,S8,N,0.271965922,TKW_13,45,FALSE,09/03/2020,NA
W11,S8,S,0.375457073,TKW_13,15,TRUE,09/03/2020,NA
W11,S8,W,0.266636604,TKW_13,17,FALSE,09/03/2020,NA
W11,S9,E,0.169409998,TKW_13,20,FALSE,09/03/2020,NA
W11,S9,N,0.284037224,TKW_13,25,FALSE,09/03/2020,NA
W11,S9,S,0.286230342,TKW_13,25,FALSE,09/03/2020,NA
W11,S9,W,0.120855029,TKW_13,18,FALSE,09/03/2020,NA
W18,S1,E,0.244215062,TKW_19,6,FALSE,24/02/2020,NA
W18,S1,N,0.185244387,TKW_19,14,FALSE,24/02/2020,NA
W18,S1,S,0.224090667,TKW_19,23,FALSE,24/02/2020,NA
W18,S1,W,0.17228064,TKW_19,15,FALSE,24/02/2020,NA
W18,S2,E,NA,TKW_19,20,FALSE,24/02/2020,NA
W18,S2,N,NA,TKW_19,9,TRUE,24/02/2020,NA
W18,S2,S,NA,TKW_19,10,FALSE,24/02/2020,NA
W18,S2,W,NA,TKW_19,52,FALSE,24/02/2020,NA
W18,S3,E,0.316683885,TKW_19,22,FALSE,24/02/2020,NA
W18,S3,N,0.286001365,TKW_19,9,TRUE,24/02/2020,NA
W18,S3,S,0.415633087,TKW_19,28,FALSE,24/02/2020,NA
W18,S3,W,0.275700408,TKW_19,12,FALSE,24/02/2020,NA
W18,S4,E,0.198733712,TKW_19,17,FALSE,24/02/2020,NA
W18,S4,N,0.581450719,TKW_19,12,TRUE,24/02/2020,NA
W18,S4,S,0.228085468,TKW_19,20,FALSE,24/02/2020,NA
W18,S4,W,0.163515767,TKW_19,17,FALSE,24/02/2020,NA
W18,S5,E,0.136114295,TKW_19,30,TRUE,24/02/2020,NA
W18,S5,N,0.177983682,TKW_19,22,FALSE,24/02/2020,NA
W18,S5,S,0.361108945,TKW_19,7,FALSE,24/02/2020,NA
W18,S5,W,0.375187339,TKW_19,27,TRUE,24/02/2020,NA
W18,S6,E,0.18976155,TKW_19,10,FALSE,24/02/2020,NA
W18,S6,N,0.287750608,TKW_19,7,TRUE,24/02/2020,NA
W18,S6,S,0.111454416,TKW_19,12,FALSE,24/02/2020,NA
W18,S6,W,0.301746303,TKW_19,14,FALSE,24/02/2020,NA
W18,S7,E,0.353019015,TKW_19,29,FALSE,24/02/2020,NA
W18,S7,N,0.374901299,TKW_19,14,TRUE,24/02/2020,NA
W18,S7,S,0.258447418,TKW_19,14,FALSE,24/02/2020,NA
W18,S7,W,0.210506763,TKW_19,5,FALSE,24/02/2020,NA
W18,S8,E,0.618888147,TKW_19,18,FALSE,24/02/2020,NA
W18,S8,N,0.551036639,TKW_19,29,FALSE,24/02/2020,NA
W18,S8,S,0.339079371,TKW_19,44,TRUE,24/02/2020,NA
W18,S8,W,0.345598883,TKW_19,12,FALSE,24/02/2020,NA
W18,S9,E,0.213224428,TKW_19,26,FALSE,24/02/2020,NA
W18,S9,N,0.36417668,TKW_19,37,FALSE,24/02/2020,NA
W18,S9,S,0.257514895,TKW_19,22,FALSE,24/02/2020,NA
W18,S9,W,0.208767317,TKW_19,20,TRUE,24/02/2020,NA
W26,S1,E,0.274898616,TKW_21,6,FALSE,28/02/2020,NA
W26,S1,N,0.357488482,TKW_21,5,FALSE,28/02/2020,NA
W26,S1,S,0.243326185,TKW_21,18,FALSE,28/02/2020,NA
W26,S1,W,0.29046219,TKW_21,6,FALSE,28/02/2020,NA
W26,S2,E,0.748457345,TKW_21,4,FALSE,28/02/2020,NA
W26,S2,N,0.212950884,TKW_21,5,TRUE,28/02/2020,NA
W26,S2,S,0.193827635,TKW_21,12,FALSE,28/02/2020,NA
W26,S2,W,0.358341309,TKW_21,3,FALSE,28/02/2020,NA
W26,S3,E,0.352746145,TKW_21,3,FALSE,28/02/2020,NA
W26,S3,N,0.173430484,TKW_21,6,FALSE,28/02/2020,NA
W26,S3,S,0.555833102,TKW_21,5,TRUE,28/02/2020,NA
W26,S3,W,0.321104981,TKW_21,7,TRUE,28/02/2020,NA
W26,S4,E,0.09303386,TKW_21,3,FALSE,28/02/2020,NA
W26,S4,N,0.089502022,TKW_21,6,FALSE,28/02/2020,NA
W26,S4,S,0.118848135,TKW_21,6,TRUE,28/02/2020,NA
W26,S4,W,0.106569088,TKW_21,6,FALSE,28/02/2020,NA
W26,S5,E,0.160789468,TKW_21,3,FALSE,28/02/2020,NA
W26,S5,N,0.319225467,TKW_21,6,TRUE,28/02/2020,NA
W26,S5,S,0.64804501,TKW_21,5,FALSE,28/02/2020,NA
W26,S5,W,0.445580831,TKW_21,5,FALSE,28/02/2020,NA
W26,S7,E,0.182808793,TKW_21,11,FALSE,28/02/2020,NA
W26,S7,N,0.133057298,TKW_21,7,TRUE,28/02/2020,NA
W26,S7,S,0.156187951,TKW_21,8,FALSE,28/02/2020,NA
W26,S7,W,0.188881829,TKW_21,3,FALSE,28/02/2020,NA
W26,S8,E,0.03983694,TKW_21,2,FALSE,28/02/2020,NA
W26,S8,N,0.070579666,TKW_21,23,TRUE,28/02/2020,NA
W26,S8,S,0.38052265,TKW_21,2,TRUE,28/02/2020,NA
W26,S8,W,0.159299927,TKW_21,17,FALSE,28/02/2020,NA
W26,S9,E,0.129804317,TKW_21,10,FALSE,28/02/2020,NA
W26,S9,N,0.582559968,TKW_21,8,FALSE,28/02/2020,NA
W26,S9,S,0.064192288,TKW_21,6,TRUE,28/02/2020,NA
W26,S9,W,0.117959555,TKW_21,7,TRUE,28/02/2020,NA
W9,S1,E,0.224350765,TKW_25,18,FALSE,13/03/2020,NA
W9,S1,N,0.324082213,TKW_25,38,FALSE,13/03/2020,NA
W9,S1,S,0.3395039,TKW_25,30,FALSE,13/03/2020,NA
W9,S1,W,0.186076775,TKW_25,28,FALSE,13/03/2020,NA
W9,S2,E,0.331567089,TKW_25,24,FALSE,13/03/2020,NA
W9,S2,N,0.33996007,TKW_25,20,FALSE,13/03/2020,NA
W9,S2,S,0.159474936,TKW_25,40,TRUE,13/03/2020,NA
W9,S2,W,0.382963793,TKW_25,38,FALSE,13/03/2020,NA
W9,S3,E,0.443873074,TKW_25,40,FALSE,13/03/2020,NA
W9,S3,N,0.162879253,TKW_25,28,TRUE,13/03/2020,NA
W9,S3,S,0.181101086,TKW_25,36,TRUE,13/03/2020,NA
W9,S3,W,0.465456212,TKW_25,46,FALSE,13/03/2020,NA
W9,S4,E,0.246786373,TKW_25,26,TRUE,13/03/2020,NA
W9,S4,N,0.318020243,TKW_25,25,FALSE,13/03/2020,NA
W9,S4,S,0.352894272,TKW_25,23,FALSE,13/03/2020,NA
W9,S4,W,0.236653992,TKW_25,15,FALSE,13/03/2020,NA
W9,S5,E,0.611403836,TKW_25,38,FALSE,13/03/2020,NA
W9,S5,N,0.227716131,TKW_25,29,FALSE,13/03/2020,NA
W9,S5,S,0.162760148,TKW_25,28,TRUE,13/03/2020,NA
W9,S5,W,0.347457735,TKW_25,21,FALSE,13/03/2020,NA
W9,S6,E,0.500784882,TKW_25,18,FALSE,13/03/2020,NA
W9,S6,N,0.266150892,TKW_25,20,FALSE,13/03/2020,NA
W9,S6,S,0.170421238,TKW_25,20,FALSE,13/03/2020,NA
W9,S6,W,0.363353129,TKW_25,28,TRUE,13/03/2020,NA
W9,S7,E,0.265435794,TKW_25,36,FALSE,13/03/2020,NA
W9,S7,N,0.243230367,TKW_25,25,FALSE,13/03/2020,NA
W9,S7,S,0.261936963,TKW_25,30,TRUE,13/03/2020,NA
W9,S7,W,0.532719285,TKW_25,17,FALSE,13/03/2020,NA
W9,S8,E,0.007474526,TKW_25,40,TRUE,13/03/2020,NA
W9,S8,N,0.274524079,TKW_25,30,TRUE,13/03/2020,NA
W9,S8,S,0.287156956,TKW_25,28,FALSE,13/03/2020,NA
W9,S8,W,0.023214148,TKW_25,18,FALSE,13/03/2020,NA
W9,S9,E,0.339001327,TKW_25,25,FALSE,13/03/2020,NA
W9,S9,N,0.291424536,TKW_25,35,FALSE,13/03/2020,NA
W9,S9,S,0.43132305,TKW_25,40,FALSE,13/03/2020,NA
W9,S9,W,0.218781785,TKW_25,20,FALSE,13/03/2020,NA
NA,S6,N,NA,TKW_21,NA,FALSE,28/02/2020,NA
NA,S6,E,NA,TKW_21,NA,FALSE,28/02/2020,NA
NA,S6,S,NA,TKW_21,NA,FALSE,28/02/2020,NA
NA,S6,W,NA,TKW_21,NA,FALSE,28/02/2020,NA