"plot_name","subplot","direction","vol","plot_id"
"P10","S1","E",0.279344092251795,"ABG_10"
"P10","S1","N",0.104714185868885,"ABG_10"
"P10","S1","S",0.0741618098915715,"ABG_10"
"P10","S1","W",0.406166039839042,"ABG_10"
"P10","S2","E",0.279821112066562,"ABG_10"
"P10","S2","N",0.104326879934428,"ABG_10"
"P10","S2","S",0.37820784530416,"ABG_10"
"P10","S2","W",0.154041814368693,"ABG_10"
"P10","S3","E",0,"ABG_10"
"P10","S3","N",0.377832012680083,"ABG_10"
"P10","S3","S",0.0213299427006532,"ABG_10"
"P10","S3","W",0.409541843597637,"ABG_10"
"P10","S4","E",0.56053120897497,"ABG_10"
"P10","S4","N",5.8e-05,"ABG_10"
"P10","S4","S",0.164555409707603,"ABG_10"
"P10","S4","W",0.202114438345422,"ABG_10"
"P10","S5","E",0.122622068371577,"ABG_10"
"P10","S5","N",0.138848834515736,"ABG_10"
"P10","S5","S",0.26832843870181,"ABG_10"
"P10","S5","W",0.0885414042936912,"ABG_10"
"P10","S6","E",0.338358664572399,"ABG_10"
"P10","S6","N",0.198025997032504,"ABG_10"
"P10","S6","S",0.161203528168696,"ABG_10"
"P10","S6","W",0.448639573250684,"ABG_10"
"P10","S7","E",0.210481330685715,"ABG_10"
"P10","S7","N",0.170311232306707,"ABG_10"
"P10","S7","S",0.157454108275404,"ABG_10"
"P10","S7","W",0.155834417242213,"ABG_10"
"P10","S8","E",0.423544603159477,"ABG_10"
"P10","S8","N",0.521759477298693,"ABG_10"
"P10","S8","S",0.346064813310316,"ABG_10"
"P10","S8","W",0.383460662624244,"ABG_10"
"P10","S9","E",0.378558594824025,"ABG_10"
"P10","S9","N",0.330826742668023,"ABG_10"
"P10","S9","S",0.370120413776351,"ABG_10"
"P10","S9","W",0.300137091035732,"ABG_10"
"P11","S1","E",0.155057568310503,"ABG_11"
"P11","S1","N",0.224599361290775,"ABG_11"
"P11","S1","S",0.265942874106758,"ABG_11"
"P11","S1","W",0.178897846606101,"ABG_11"
"P11","S2","E",0.307126382478816,"ABG_11"
"P11","S2","N",0.210848638217531,"ABG_11"
"P11","S2","S",0.151186479713635,"ABG_11"
"P11","S2","W",0.147599867956671,"ABG_11"
"P11","S3","E",0.242706158683747,"ABG_11"
"P11","S3","N",0.0509295371342766,"ABG_11"
"P11","S3","S",0.123614263529934,"ABG_11"
"P11","S3","W",0.417236565479932,"ABG_11"
"P11","S4","E",0.274720018071765,"ABG_11"
"P11","S4","N",0.160294919246406,"ABG_11"
"P11","S4","S",0.320898978359662,"ABG_11"
"P11","S4","W",0.125687196490039,"ABG_11"
"P11","S5","E",0.00851585551071762,"ABG_11"
"P11","S5","N",0.0998667327407599,"ABG_11"
"P11","S5","S",0.0619553600513989,"ABG_11"
"P11","S5","W",0.232718155754541,"ABG_11"
"P11","S6","E",0.0285163318366233,"ABG_11"
"P11","S6","N",0.0180410783183006,"ABG_11"
"P11","S6","S",0.160962179593939,"ABG_11"
"P11","S6","W",0.272362696533132,"ABG_11"
"P11","S7","E",0.0798795572695772,"ABG_11"
"P11","S7","N",0.118724478501841,"ABG_11"
"P11","S7","S",0.0260974163030403,"ABG_11"
"P11","S7","W",0.465866697058348,"ABG_11"
"P11","S8","E",0.438947217180076,"ABG_11"
"P11","S8","N",0.366894405495655,"ABG_11"
"P11","S8","S",0.173216717557698,"ABG_11"
"P11","S8","W",0.406782647835642,"ABG_11"
"P11","S9","E",0.222019430727125,"ABG_11"
"P11","S9","N",0.137324322722653,"ABG_11"
"P11","S9","S",0.310664651358492,"ABG_11"
"P11","S9","W",0.329729544348785,"ABG_11"
"P12","S1","E",0.104295289674111,"ABG_12"
"P12","S1","N",0.191822478291417,"ABG_12"
"P12","S1","S",0.32459659823647,"ABG_12"
"P12","S1","W",0.113008060072512,"ABG_12"
"P12","S2","E",0.105761080379585,"ABG_12"
"P12","S2","N",0.0862413796977782,"ABG_12"
"P12","S2","S",0.0756457141713959,"ABG_12"
"P12","S2","W",0.0887211650371358,"ABG_12"
"P12","S3","E",0.165856106822562,"ABG_12"
"P12","S3","N",0.104894552234232,"ABG_12"
"P12","S3","S",0.0984936053640965,"ABG_12"
"P12","S3","W",0.0851106288472148,"ABG_12"
"P12","S4","E",0.15338348023481,"ABG_12"
"P12","S4","N",0.747373796537604,"ABG_12"
"P12","S4","S",0.141415870708519,"ABG_12"
"P12","S4","W",0.14581835274165,"ABG_12"
"P12","S5","E",0.143190686380174,"ABG_12"
"P12","S5","N",0.135172442260355,"ABG_12"
"P12","S5","S",0.153395538308952,"ABG_12"
"P12","S5","W",0.186496438979516,"ABG_12"
"P12","S6","E",0.105755027378791,"ABG_12"
"P12","S6","N",0.122719938429639,"ABG_12"
"P12","S6","S",0.12839558312788,"ABG_12"
"P12","S6","W",0.155866413356252,"ABG_12"
"P12","S7","E",0.209992506699847,"ABG_12"
"P12","S7","N",0.115774453397988,"ABG_12"
"P12","S7","S",0.320354827946856,"ABG_12"
"P12","S7","W",0.170137907107645,"ABG_12"
"P12","S8","E",0.0823969560656207,"ABG_12"
"P12","S8","N",0.0643140281473438,"ABG_12"
"P12","S8","S",0.0882644504476611,"ABG_12"
"P12","S8","W",0.103934208982128,"ABG_12"
"P12","S9","E",0.151764594338056,"ABG_12"
"P12","S9","N",0.134567646288691,"ABG_12"
"P12","S9","S",0.133987558164857,"ABG_12"
"P12","S9","W",0.131241477773102,"ABG_12"
"P13","S1","E",0.259030515838064,"ABG_13"
"P13","S1","N",0.34359001314041,"ABG_13"
"P13","S1","S",0.23655569111774,"ABG_13"
"P13","S1","W",0.291678936646172,"ABG_13"
"P13","S2","E",0.218291275893871,"ABG_13"
"P13","S2","N",0.295543916359367,"ABG_13"
"P13","S2","S",0.245615223301321,"ABG_13"
"P13","S2","W",0.453003513968689,"ABG_13"
"P13","S3","E",0.560542109561962,"ABG_13"
"P13","S3","N",0.47691185194163,"ABG_13"
"P13","S3","S",0.20479304655168,"ABG_13"
"P13","S3","W",0.194900489440483,"ABG_13"
"P13","S4","E",0.14026049043552,"ABG_13"
"P13","S4","N",0.159926612308801,"ABG_13"
"P13","S4","S",0.163058415837434,"ABG_13"
"P13","S4","W",0.0835065657381718,"ABG_13"
"P13","S5","E",0.198600712488073,"ABG_13"
"P13","S5","N",0.229626584193765,"ABG_13"
"P13","S5","S",0.236868235460663,"ABG_13"
"P13","S5","W",0.128846796737225,"ABG_13"
"P13","S6","E",NA,"ABG_13"
"P13","S6","N",0.0042154,"ABG_13"
"P13","S6","S",NA,"ABG_13"
"P13","S6","W",0.00629785584415584,"ABG_13"
"P13","S7","E",0.294963245525527,"ABG_13"
"P13","S7","N",0.264346422984445,"ABG_13"
"P13","S7","S",0.362656986270986,"ABG_13"
"P13","S7","W",0.346471472079652,"ABG_13"
"P13","S8","E",0.237557140862028,"ABG_13"
"P13","S8","N",0.551228777217056,"ABG_13"
"P13","S8","S",0.259042190984582,"ABG_13"
"P13","S8","W",0.173995037399463,"ABG_13"
"P13","S9","E",0.192891057414144,"ABG_13"
"P13","S9","N",0.355576797019344,"ABG_13"
"P13","S9","S",0.878065860237373,"ABG_13"
"P13","S9","W",0.19128638581962,"ABG_13"
"P14","S1","E",0.327040797281524,"ABG_14"
"P14","S1","N",0.278271366983304,"ABG_14"
"P14","S1","S",0.263768553924556,"ABG_14"
"P14","S1","W",0.281948513305572,"ABG_14"
"P14","S2","E",0.160201189399699,"ABG_14"
"P14","S2","N",0.127574810800938,"ABG_14"
"P14","S2","S",0.277839632027989,"ABG_14"
"P14","S2","W",0.276061960177035,"ABG_14"
"P14","S3","E",0.237710964406216,"ABG_14"
"P14","S3","N",0.232444182627905,"ABG_14"
"P14","S3","S",0.210334856961268,"ABG_14"
"P14","S3","W",0.220802707346677,"ABG_14"
"P14","S4","E",0.333879335851318,"ABG_14"
"P14","S4","N",0.296178713447464,"ABG_14"
"P14","S4","S",0.304864166325584,"ABG_14"
"P14","S4","W",0.511278810662176,"ABG_14"
"P14","S5","E",0.247807549529733,"ABG_14"
"P14","S5","N",0.207898983833834,"ABG_14"
"P14","S5","S",0.20578476880807,"ABG_14"
"P14","S5","W",0.187773409359418,"ABG_14"
"P14","S6","E",0.187090805704584,"ABG_14"
"P14","S6","N",0.311635934980192,"ABG_14"
"P14","S6","S",0.272656455674818,"ABG_14"
"P14","S6","W",0.169854575997965,"ABG_14"
"P14","S7","E",0.0785729008765403,"ABG_14"
"P14","S7","N",0.12526049437491,"ABG_14"
"P14","S7","S",0.113029607806134,"ABG_14"
"P14","S7","W",0.061766893867578,"ABG_14"
"P14","S8","E",0.216844627119487,"ABG_14"
"P14","S8","N",0.540859502474066,"ABG_14"
"P14","S8","S",0.145107108619785,"ABG_14"
"P14","S8","W",0.211783420048857,"ABG_14"
"P14","S9","E",0.289963182173707,"ABG_14"
"P14","S9","N",0.289183367238324,"ABG_14"
"P14","S9","S",0.425094598088576,"ABG_14"
"P14","S9","W",0.28291309701969,"ABG_14"
"P15","S1","E",0.236325332941952,"ABG_15"
"P15","S1","N",0.313981785132028,"ABG_15"
"P15","S1","S",0.190398609077916,"ABG_15"
"P15","S1","W",0.118908785387632,"ABG_15"
"P15","S2","E",0.399579081234575,"ABG_15"
"P15","S2","N",0.273990111866554,"ABG_15"
"P15","S2","S",0.156421920902644,"ABG_15"
"P15","S2","W",0.346306278697864,"ABG_15"
"P15","S3","E",0.379637695214844,"ABG_15"
"P15","S3","N",0.270792204014536,"ABG_15"
"P15","S3","S",0.350241053868043,"ABG_15"
"P15","S3","W",0.657412221708489,"ABG_15"
"P15","S4","E",0.222264191170143,"ABG_15"
"P15","S4","N",0.299173559303748,"ABG_15"
"P15","S4","S",0.203121269431294,"ABG_15"
"P15","S4","W",0.133658266188947,"ABG_15"
"P15","S5","E",0.218645927865555,"ABG_15"
"P15","S5","N",0.284500183785643,"ABG_15"
"P15","S5","S",0.19566462384218,"ABG_15"
"P15","S5","W",0.330530667733109,"ABG_15"
"P15","S6","E",0.323644971805754,"ABG_15"
"P15","S6","N",0.194687133476037,"ABG_15"
"P15","S6","S",0.173130233295307,"ABG_15"
"P15","S6","W",0.293757583452505,"ABG_15"
"P15","S7","E",0.355032312376974,"ABG_15"
"P15","S7","N",0.272871410923595,"ABG_15"
"P15","S7","S",0.214723878916293,"ABG_15"
"P15","S7","W",0.204287577196099,"ABG_15"
"P15","S8","E",0.291251964506181,"ABG_15"
"P15","S8","N",0.387235483826652,"ABG_15"
"P15","S8","S",0.308321111283039,"ABG_15"
"P15","S8","W",0.223619735300825,"ABG_15"
"P15","S9","E",0.216866881774799,"ABG_15"
"P15","S9","N",0.189760443589002,"ABG_15"
"P15","S9","S",0.176246550494224,"ABG_15"
"P15","S9","W",0.300072052677546,"ABG_15"
"P1","S1","E",0.078370376542546,"ABG_1"
"P1","S1","N",0.588895591545949,"ABG_1"
"P1","S1","S",0.138553114245088,"ABG_1"
"P1","S1","W",0.0550756458142419,"ABG_1"
"P1","S2","E",0.0465310971221428,"ABG_1"
"P1","S2","N",0.0557691797000909,"ABG_1"
"P1","S2","S",0.121475704561774,"ABG_1"
"P1","S2","W",0.0404761725664489,"ABG_1"
"P1","S3","E",0.0871232057411075,"ABG_1"
"P1","S3","N",0.0641973521761902,"ABG_1"
"P1","S3","S",0.351056308667024,"ABG_1"
"P1","S3","W",0.155554499828498,"ABG_1"
"P1","S4","E",0.206129342563951,"ABG_1"
"P1","S4","N",0.057908306518298,"ABG_1"
"P1","S4","S",0.138070552501569,"ABG_1"
"P1","S4","W",0.0723824794712983,"ABG_1"
"P1","S5","E",0.265442434681203,"ABG_1"
"P1","S5","N",0.0814911514612214,"ABG_1"
"P1","S5","S",0.00333094119214119,"ABG_1"
"P1","S5","W",0.0316673418414918,"ABG_1"
"P1","S6","E",0.211697837933634,"ABG_1"
"P1","S6","N",0.0167617543113183,"ABG_1"
"P1","S6","S",0.111145221414604,"ABG_1"
"P1","S6","W",0.21067124907547,"ABG_1"
"P1","S7","E",0.17958870725977,"ABG_1"
"P1","S7","N",0.341025903316743,"ABG_1"
"P1","S7","S",0.234352411864334,"ABG_1"
"P1","S7","W",0.40518559415857,"ABG_1"
"P1","S8","E",0.0651569894529725,"ABG_1"
"P1","S8","N",0.0541586990467728,"ABG_1"
"P1","S8","S",0.0643170756570322,"ABG_1"
"P1","S8","W",0.0745290894480325,"ABG_1"
"P1","S9","E",0.711823368140884,"ABG_1"
"P1","S9","N",0.225382693349597,"ABG_1"
"P1","S9","S",0.094557065153157,"ABG_1"
"P1","S9","W",0.122710282560146,"ABG_1"
"P2","S1","E",0.0758070657370575,"ABG_2"
"P2","S1","N",0.162763916717939,"ABG_2"
"P2","S1","S",0.110085715829656,"ABG_2"
"P2","S1","W",0.0461567182511625,"ABG_2"
"P2","S2","E",0.234847922703344,"ABG_2"
"P2","S2","N",0.335652346052447,"ABG_2"
"P2","S2","S",0.142122538771406,"ABG_2"
"P2","S2","W",0.190128679931857,"ABG_2"
"P2","S3","E",0.428355140820971,"ABG_2"
"P2","S3","N",0.229034291634877,"ABG_2"
"P2","S3","S",0.350517137977058,"ABG_2"
"P2","S3","W",0.153071779656895,"ABG_2"
"P2","S4","E",0.453801349396566,"ABG_2"
"P2","S4","N",0.169310393762569,"ABG_2"
"P2","S4","S",0.675350541390012,"ABG_2"
"P2","S4","W",0.196988202478794,"ABG_2"
"P2","S5","E",0.490019729475353,"ABG_2"
"P2","S5","N",0.332224805528867,"ABG_2"
"P2","S5","S",2.2e-05,"ABG_2"
"P2","S5","W",0.194480807923249,"ABG_2"
"P2","S6","E",0.279111015313006,"ABG_2"
"P2","S6","N",0.153415279531099,"ABG_2"
"P2","S6","S",0.0467936382498171,"ABG_2"
"P2","S6","W",0.274885251541299,"ABG_2"
"P2","S7","E",0.601817368112286,"ABG_2"
"P2","S7","N",0.399580297043686,"ABG_2"
"P2","S7","S",0.1164513913644,"ABG_2"
"P2","S7","W",0.142991110364151,"ABG_2"
"P2","S8","E",0.202847960535743,"ABG_2"
"P2","S8","N",0.131223967280723,"ABG_2"
"P2","S8","S",0.239268016351021,"ABG_2"
"P2","S8","W",0.108911003209064,"ABG_2"
"P2","S9","E",0.764154844837697,"ABG_2"
"P2","S9","N",0.945019460750077,"ABG_2"
"P2","S9","S",0.316930983007458,"ABG_2"
"P2","S9","W",0.295333563441123,"ABG_2"
"P3","S1","E",0.0859111311026135,"ABG_3"
"P3","S1","N",0.0745439951652624,"ABG_3"
"P3","S1","S",0.0778092892459143,"ABG_3"
"P3","S1","W",0.120137988273635,"ABG_3"
"P3","S2","E",0.145059956319185,"ABG_3"
"P3","S2","N",0.206584385386051,"ABG_3"
"P3","S2","S",0.195083218803423,"ABG_3"
"P3","S2","W",0.0982922326596614,"ABG_3"
"P3","S3","E",0.123697694957255,"ABG_3"
"P3","S3","N",0.123282079702799,"ABG_3"
"P3","S3","S",0.123309536587347,"ABG_3"
"P3","S3","W",0.216318510829795,"ABG_3"
"P3","S4","E",0.11225559955087,"ABG_3"
"P3","S4","N",0.0356002619033534,"ABG_3"
"P3","S4","S",0.0886063295135286,"ABG_3"
"P3","S4","W",0.243907241612701,"ABG_3"
"P3","S5","E",0.146748882408989,"ABG_3"
"P3","S5","N",0.16789305002493,"ABG_3"
"P3","S5","S",0.0991069421404218,"ABG_3"
"P3","S5","W",0.264458835339536,"ABG_3"
"P3","S6","E",0.210604298397302,"ABG_3"
"P3","S6","N",0.275868324025521,"ABG_3"
"P3","S6","S",0.37236333095241,"ABG_3"
"P3","S6","W",0.171705088488033,"ABG_3"
"P3","S7","E",0.128846069313796,"ABG_3"
"P3","S7","N",0.100222203125819,"ABG_3"
"P3","S7","S",0.116490033207637,"ABG_3"
"P3","S7","W",0.130253147938939,"ABG_3"
"P3","S8","E",0.210052298965446,"ABG_3"
"P3","S8","N",0.199731876798723,"ABG_3"
"P3","S8","S",0.194775482618907,"ABG_3"
"P3","S8","W",0.201742892162152,"ABG_3"
"P3","S9","E",0.278012211371572,"ABG_3"
"P3","S9","N",0.572898430691091,"ABG_3"
"P3","S9","S",0.325306482444399,"ABG_3"
"P3","S9","W",0.246602542360144,"ABG_3"
"P4","S1","E",0.169348413562107,"ABG_4"
"P4","S1","N",0.235654791711174,"ABG_4"
"P4","S1","S",0.210596341075941,"ABG_4"
"P4","S1","W",0.180906238311018,"ABG_4"
"P4","S2","E",0.0557585662102062,"ABG_4"
"P4","S2","N",0.0830408232623003,"ABG_4"
"P4","S2","S",0.430480001769546,"ABG_4"
"P4","S2","W",0.0429209287721402,"ABG_4"
"P4","S3","E",0.206106292544227,"ABG_4"
"P4","S3","N",0.241708985959353,"ABG_4"
"P4","S3","S",0.441156299934272,"ABG_4"
"P4","S3","W",0.447020289760581,"ABG_4"
"P4","S4","E",0.293139453901014,"ABG_4"
"P4","S4","N",0.22011649127407,"ABG_4"
"P4","S4","S",0.229356606009019,"ABG_4"
"P4","S4","W",0.408506065432677,"ABG_4"
"P4","S5","E",0.0566729488180107,"ABG_4"
"P4","S5","N",0.140325015003607,"ABG_4"
"P4","S5","S",0.206857144931011,"ABG_4"
"P4","S5","W",0.426738621422872,"ABG_4"
"P4","S6","E",0.0919028273879921,"ABG_4"
"P4","S6","N",0.118423331553624,"ABG_4"
"P4","S6","S",0.222003616528221,"ABG_4"
"P4","S6","W",0.219181125625681,"ABG_4"
"P4","S7","E",0.0803719747679399,"ABG_4"
"P4","S7","N",0.318615023059819,"ABG_4"
"P4","S7","S",0.466112961937463,"ABG_4"
"P4","S7","W",0.159709094312998,"ABG_4"
"P4","S8","E",0.164333009234237,"ABG_4"
"P4","S8","N",0.119432871533283,"ABG_4"
"P4","S8","S",0.173621080607265,"ABG_4"
"P4","S8","W",0.212799850569309,"ABG_4"
"P4","S9","E",0.306035398964063,"ABG_4"
"P4","S9","N",0.084813553743145,"ABG_4"
"P4","S9","S",0.15050255701729,"ABG_4"
"P4","S9","W",0.106390255705429,"ABG_4"
"P5","S1","E",0.0859479087634825,"ABG_5"
"P5","S1","N",0.0951904670686537,"ABG_5"
"P5","S1","S",0.0679841258886911,"ABG_5"
"P5","S1","W",0.596589994447287,"ABG_5"
"P5","S2","E",0.0890778238761279,"ABG_5"
"P5","S2","N",0.0838976551262544,"ABG_5"
"P5","S2","S",0.145961897257802,"ABG_5"
"P5","S2","W",0.125674657756058,"ABG_5"
"P5","S3","E",0.065438114627248,"ABG_5"
"P5","S3","N",0.0764488483589007,"ABG_5"
"P5","S3","S",0.635267478748274,"ABG_5"
"P5","S3","W",0.144677066656393,"ABG_5"
"P5","S4","E",0.458074173358912,"ABG_5"
"P5","S4","N",0.332899186343172,"ABG_5"
"P5","S4","S",0.0421741264216179,"ABG_5"
"P5","S4","W",0.0954459492251012,"ABG_5"
"P5","S5","E",0.0992728547167065,"ABG_5"
"P5","S5","N",0.539544135888238,"ABG_5"
"P5","S5","S",0.321778800483849,"ABG_5"
"P5","S5","W",0.305351555157743,"ABG_5"
"P5","S6","E",0.033862043955829,"ABG_5"
"P5","S6","N",0.0222405895565139,"ABG_5"
"P5","S6","S",0.0484609635793168,"ABG_5"
"P5","S6","W",0.0244181237151393,"ABG_5"
"P5","S7","E",0.0122561948621489,"ABG_5"
"P5","S7","N",0.00840783788937926,"ABG_5"
"P5","S7","S",0.341456284675666,"ABG_5"
"P5","S7","W",0.448993844581944,"ABG_5"
"P5","S8","E",0.0744758943553532,"ABG_5"
"P5","S8","N",0.105000815363697,"ABG_5"
"P5","S8","S",0.0639291707774478,"ABG_5"
"P5","S8","W",0.0949538565998153,"ABG_5"
"P5","S9","E",0.0998885229333222,"ABG_5"
"P5","S9","N",0.200997471143328,"ABG_5"
"P5","S9","S",0.159568308723499,"ABG_5"
"P5","S9","W",0.123714362002197,"ABG_5"
"P6","S1","E",0.0573040152734712,"ABG_6"
"P6","S1","N",0.0447116245369246,"ABG_6"
"P6","S1","S",0.127617252798587,"ABG_6"
"P6","S1","W",0.0875148944634233,"ABG_6"
"P6","S2","E",0.120631689372773,"ABG_6"
"P6","S2","N",0.0670794370135521,"ABG_6"
"P6","S2","S",0.174819297645178,"ABG_6"
"P6","S2","W",0.14303695535198,"ABG_6"
"P6","S3","E",0.0521133257074726,"ABG_6"
"P6","S3","N",0.0985544675748578,"ABG_6"
"P6","S3","S",0.132933312210665,"ABG_6"
"P6","S3","W",0.620068088584847,"ABG_6"
"P6","S4","E",0.125063172900717,"ABG_6"
"P6","S4","N",0.175023383827167,"ABG_6"
"P6","S4","S",0.0956639194483133,"ABG_6"
"P6","S4","W",0.100861911945022,"ABG_6"
"P6","S5","E",0.131332256305789,"ABG_6"
"P6","S5","N",0.00689541684017737,"ABG_6"
"P6","S5","S",0.0137690198338148,"ABG_6"
"P6","S5","W",0.335042453745461,"ABG_6"
"P6","S6","E",0.0760222735188158,"ABG_6"
"P6","S6","N",0.0587794698348898,"ABG_6"
"P6","S6","S",0.340414011339318,"ABG_6"
"P6","S6","W",0.0863224692234846,"ABG_6"
"P6","S7","E",0.0428897855049361,"ABG_6"
"P6","S7","N",0.0489959078831237,"ABG_6"
"P6","S7","S",0.0216584609390609,"ABG_6"
"P6","S7","W",0.0707989492396963,"ABG_6"
"P6","S8","E",0.0614754351688015,"ABG_6"
"P6","S8","N",0.0554358100918754,"ABG_6"
"P6","S8","S",0.0321896193769934,"ABG_6"
"P6","S8","W",0.0535569580188468,"ABG_6"
"P6","S9","E",0.141439341037334,"ABG_6"
"P6","S9","N",0.139774513206717,"ABG_6"
"P6","S9","S",0.273935935415536,"ABG_6"
"P6","S9","W",0.232696345331581,"ABG_6"
"P7","S1","E",0.0519562470301413,"ABG_7"
"P7","S1","N",0.0555504605038749,"ABG_7"
"P7","S1","S",0.124552963488599,"ABG_7"
"P7","S1","W",0.0754267093776895,"ABG_7"
"P7","S2","E",0.0534304862352663,"ABG_7"
"P7","S2","N",0.149176309125882,"ABG_7"
"P7","S2","S",0.106530990664554,"ABG_7"
"P7","S2","W",0.0549591505402976,"ABG_7"
"P7","S3","E",0.0264430222398516,"ABG_7"
"P7","S3","N",0.180409263921735,"ABG_7"
"P7","S3","S",0.0235348609279609,"ABG_7"
"P7","S3","W",0.503968064886263,"ABG_7"
"P7","S4","E",0.0263620997960375,"ABG_7"
"P7","S4","N",0.378059110542018,"ABG_7"
"P7","S4","S",0.139421840920769,"ABG_7"
"P7","S4","W",0.106761890931473,"ABG_7"
"P7","S5","E",0.337308334607203,"ABG_7"
"P7","S5","N",0.510920681699957,"ABG_7"
"P7","S5","S",0.083342278639649,"ABG_7"
"P7","S5","W",0.0997132769150263,"ABG_7"
"P7","S6","E",0.0958328644733945,"ABG_7"
"P7","S6","N",0.345279259809949,"ABG_7"
"P7","S6","S",0.135655535932381,"ABG_7"
"P7","S6","W",0.316089081919004,"ABG_7"
"P7","S7","E",0.0741056596264306,"ABG_7"
"P7","S7","N",0.162053083854822,"ABG_7"
"P7","S7","S",0.226318284310047,"ABG_7"
"P7","S7","W",0.0849968373107991,"ABG_7"
"P7","S8","E",0.28577727512481,"ABG_7"
"P7","S8","N",0.330449480582177,"ABG_7"
"P7","S8","S",0.35712324037585,"ABG_7"
"P7","S8","W",0.36247023117542,"ABG_7"
"P7","S9","E",0.093702183227779,"ABG_7"
"P7","S9","N",0.209507046481941,"ABG_7"
"P7","S9","S",0.0555362291021321,"ABG_7"
"P7","S9","W",0.27481891082125,"ABG_7"
"P8","S1","E",0.266422073693921,"ABG_8"
"P8","S1","N",0.23391187383501,"ABG_8"
"P8","S1","S",0.213212085421618,"ABG_8"
"P8","S1","W",0.477570437239824,"ABG_8"
"P8","S2","E",0.226470345263123,"ABG_8"
"P8","S2","N",0.242177232099464,"ABG_8"
"P8","S2","S",0.406860010437221,"ABG_8"
"P8","S2","W",0.141615340605643,"ABG_8"
"P8","S3","E",0.0739413955961686,"ABG_8"
"P8","S3","N",0.179235925992802,"ABG_8"
"P8","S3","S",0.0972961326255615,"ABG_8"
"P8","S3","W",0.260121712065841,"ABG_8"
"P8","S4","E",0.183258397376084,"ABG_8"
"P8","S4","N",0.413199542598937,"ABG_8"
"P8","S4","S",0.132376384082295,"ABG_8"
"P8","S4","W",0.0994681739917316,"ABG_8"
"P8","S5","E",0.136052552226358,"ABG_8"
"P8","S5","N",0.326965231625323,"ABG_8"
"P8","S5","S",0.114092294350094,"ABG_8"
"P8","S5","W",0.34698351550746,"ABG_8"
"P8","S6","E",0.140900458197829,"ABG_8"
"P8","S6","N",0.227251038550889,"ABG_8"
"P8","S6","S",0.0918760389992237,"ABG_8"
"P8","S6","W",0.17401696102466,"ABG_8"
"P8","S7","E",0.0809808118602613,"ABG_8"
"P8","S7","N",0.0858269717537365,"ABG_8"
"P8","S7","S",0.0597458933825601,"ABG_8"
"P8","S7","W",0.0198039754575811,"ABG_8"
"P8","S8","E",0.0790032383663935,"ABG_8"
"P8","S8","N",0.325315995664796,"ABG_8"
"P8","S8","S",0.104540263369266,"ABG_8"
"P8","S8","W",0.101933479725014,"ABG_8"
"P8","S9","E",0.123081177050237,"ABG_8"
"P8","S9","N",0.266869460991313,"ABG_8"
"P8","S9","S",0.343075758364087,"ABG_8"
"P8","S9","W",0.147918126234245,"ABG_8"
"P9","S1","E",0.247394839617452,"ABG_9"
"P9","S1","N",0.176590123856259,"ABG_9"
"P9","S1","S",0.202756056319883,"ABG_9"
"P9","S1","W",0.240856669329733,"ABG_9"
"P9","S2","E",0.184113528862048,"ABG_9"
"P9","S2","N",0.103588478866662,"ABG_9"
"P9","S2","S",0.179487507223642,"ABG_9"
"P9","S2","W",0.132499561470091,"ABG_9"
"P9","S3","E",0.11555454981262,"ABG_9"
"P9","S3","N",0.0832558296014015,"ABG_9"
"P9","S3","S",0.211185413449034,"ABG_9"
"P9","S3","W",0.103388414395973,"ABG_9"
"P9","S4","E",0.335067975815294,"ABG_9"
"P9","S4","N",0.171989720100383,"ABG_9"
"P9","S4","S",0.5891936484555,"ABG_9"
"P9","S4","W",0.374393898033095,"ABG_9"
"P9","S5","E",0.438899195448865,"ABG_9"
"P9","S5","N",0.186696377407311,"ABG_9"
"P9","S5","S",0.480804028481739,"ABG_9"
"P9","S5","W",0.30754891441575,"ABG_9"
"P9","S6","E",0.390962298885746,"ABG_9"
"P9","S6","N",0.34213289546811,"ABG_9"
"P9","S6","S",0.405649453210562,"ABG_9"
"P9","S6","W",0.227810641717122,"ABG_9"
"P9","S7","E",0.0819916332751129,"ABG_9"
"P9","S7","N",0.0893778615846133,"ABG_9"
"P9","S7","S",0.114601470161592,"ABG_9"
"P9","S7","W",0.317476877235716,"ABG_9"
"P9","S8","E",0.221803053984546,"ABG_9"
"P9","S8","N",0.182398341231427,"ABG_9"
"P9","S8","S",0.157006151920438,"ABG_9"
"P9","S8","W",0.116140730700584,"ABG_9"
"P9","S9","E",0.254297109713697,"ABG_9"
"P9","S9","N",0.145083209540478,"ABG_9"
"P9","S9","S",0.0731337097196312,"ABG_9"
"P9","S9","W",0.00348826666666667,"ABG_9"
"S3","S1","E",0.0814951130927947,"TKW_7"
"S3","S1","N",0.143240118746148,"TKW_7"
"S3","S1","S",0.545463844887032,"TKW_7"
"S3","S1","W",0.165906012288795,"TKW_7"
"S3","S2","E",0.0959930354130916,"TKW_7"
"S3","S2","N",0.185304707721365,"TKW_7"
"S3","S2","S",0.485125919700966,"TKW_7"
"S3","S2","W",0.463067104273578,"TKW_7"
"S3","S3","E",0.169403560419219,"TKW_7"
"S3","S3","N",0.111478159667799,"TKW_7"
"S3","S3","S",0.323988419820723,"TKW_7"
"S3","S3","W",0.260770912050891,"TKW_7"
"S3","S4","E",1.02596950585181,"TKW_7"
"S3","S4","N",0.54510416405424,"TKW_7"
"S3","S4","S",0.264963858167493,"TKW_7"
"S3","S4","W",0.455995348399309,"TKW_7"
"S3","S5","E",0.280675004596579,"TKW_7"
"S3","S5","N",0.144582884894348,"TKW_7"
"S3","S5","S",0.15021424651795,"TKW_7"
"S3","S5","W",0.402022928460837,"TKW_7"
"S3","S6","E",0.797069304231039,"TKW_7"
"S3","S6","N",0.440482392605881,"TKW_7"
"S3","S6","S",0.480849672244967,"TKW_7"
"S3","S6","W",0.121012928440847,"TKW_7"
"S3","S7","E",0.104436790808533,"TKW_7"
"S3","S7","N",0.310320275100407,"TKW_7"
"S3","S7","S",0.268423415137107,"TKW_7"
"S3","S7","W",0.232680573453977,"TKW_7"
"S3","S8","E",0.347202415617626,"TKW_7"
"S3","S8","N",0.225016355772038,"TKW_7"
"S3","S8","S",0.507286985281655,"TKW_7"
"S3","S8","W",0.383385811307045,"TKW_7"
"S3","S9","E",0.349517667019543,"TKW_7"
"S3","S9","N",0.197314493191858,"TKW_7"
"S3","S9","S",0.262684263088692,"TKW_7"
"S3","S9","W",0.5295036056899,"TKW_7"
"S5","S1","E",0.378429404300982,"TKW_9"
"S5","S1","N",0.224619028715325,"TKW_9"
"S5","S1","S",0.546684132679181,"TKW_9"
"S5","S1","W",0.370399217385908,"TKW_9"
"S5","S2","E",0.546348103787426,"TKW_9"
"S5","S2","N",0.263094093112495,"TKW_9"
"S5","S2","S",0.377155164614762,"TKW_9"
"S5","S2","W",0.207323404231514,"TKW_9"
"S5","S3","E",0.247445462574039,"TKW_9"
"S5","S3","N",0.168558723177588,"TKW_9"
"S5","S3","S",0.215080844738544,"TKW_9"
"S5","S3","W",0.157890354361346,"TKW_9"
"S5","S4","E",0.10772763899313,"TKW_9"
"S5","S4","N",0.146395699516973,"TKW_9"
"S5","S4","S",0.220114782788876,"TKW_9"
"S5","S4","W",0.108015164659073,"TKW_9"
"S5","S5","E",0.24339390366124,"TKW_9"
"S5","S5","N",0.231508727846518,"TKW_9"
"S5","S5","S",0.250984059432453,"TKW_9"
"S5","S5","W",0.222309058629934,"TKW_9"
"S5","S6","E",0.229065315409103,"TKW_9"
"S5","S6","N",0.664699439039034,"TKW_9"
"S5","S6","S",0.239098907789921,"TKW_9"
"S5","S6","W",0.208636354285603,"TKW_9"
"S5","S7","E",0.393385269564018,"TKW_9"
"S5","S7","N",0.378552417242974,"TKW_9"
"S5","S7","S",0.367855853673481,"TKW_9"
"S5","S7","W",0.507063956134488,"TKW_9"
"S5","S8","E",0.523704898242261,"TKW_9"
"S5","S8","N",0.17034576234406,"TKW_9"
"S5","S8","S",0.376226952586701,"TKW_9"
"S5","S8","W",0.508968679424146,"TKW_9"
"S5","S9","E",0.286063438443246,"TKW_9"
"S5","S9","N",0.205008223835248,"TKW_9"
"S5","S9","S",0.237024771023353,"TKW_9"
"S5","S9","W",0.127008011383479,"TKW_9"
"S7","S1","E",0.387501507520701,"TKW_10"
"S7","S1","N",0.302355577502557,"TKW_10"
"S7","S1","S",0.42245723918177,"TKW_10"
"S7","S1","W",0.498342709521947,"TKW_10"
"S7","S2","E",0.518497134933496,"TKW_10"
"S7","S2","N",0.310712123345346,"TKW_10"
"S7","S2","S",0.325286528123807,"TKW_10"
"S7","S2","W",0.254654216806636,"TKW_10"
"S7","S3","E",0.464038586481706,"TKW_10"
"S7","S3","N",0.286495837709061,"TKW_10"
"S7","S3","S",0.305104081912903,"TKW_10"
"S7","S3","W",0.2580238115796,"TKW_10"
"S7","S4","E",0.690550573962582,"TKW_10"
"S7","S4","N",0.230667269449855,"TKW_10"
"S7","S4","S",0.363529818884556,"TKW_10"
"S7","S4","W",0.248188297729279,"TKW_10"
"S7","S5","E",0.193108672492734,"TKW_10"
"S7","S5","N",0.327231680082945,"TKW_10"
"S7","S5","S",0.240884894860648,"TKW_10"
"S7","S5","W",0.357363406927697,"TKW_10"
"S7","S6","E",0.345588714467902,"TKW_10"
"S7","S6","N",0.286172165373968,"TKW_10"
"S7","S6","S",0.268203012115867,"TKW_10"
"S7","S6","W",0.276802875279885,"TKW_10"
"S7","S7","E",0.282500597290103,"TKW_10"
"S7","S7","N",0.462461479802432,"TKW_10"
"S7","S7","S",0.247844552351487,"TKW_10"
"S7","S7","W",0.459365060691444,"TKW_10"
"S7","S8","E",0.00172533333333333,"TKW_10"
"S7","S8","N",NA,"TKW_10"
"S7","S8","S",NA,"TKW_10"
"S7","S8","W",0.001028,"TKW_10"
"S7","S9","E",0.225384919263992,"TKW_10"
"S7","S9","N",0.14081994924968,"TKW_10"
"S7","S9","S",0.149594356245582,"TKW_10"
"S7","S9","W",0.137797926017751,"TKW_10"
"W11","S1","E",0.22903186011805,"TKW_13"
"W11","S1","N",0.546242405853494,"TKW_13"
"W11","S1","S",0.236419286929334,"TKW_13"
"W11","S1","W",0.28248490786382,"TKW_13"
"W11","S2","E",0.288999789340585,"TKW_13"
"W11","S2","N",0.188958718853212,"TKW_13"
"W11","S2","S",0.190001695394846,"TKW_13"
"W11","S2","W",0.192817307974553,"TKW_13"
"W11","S3","E",0.27918320658475,"TKW_13"
"W11","S3","N",0.161454219043754,"TKW_13"
"W11","S3","S",0.161422275633954,"TKW_13"
"W11","S3","W",0.229690626054888,"TKW_13"
"W11","S4","E",0.275878595537473,"TKW_13"
"W11","S4","N",0.382471618244956,"TKW_13"
"W11","S4","S",0.321913436774294,"TKW_13"
"W11","S4","W",0.675016436184316,"TKW_13"
"W11","S5","E",0.383569383039949,"TKW_13"
"W11","S5","N",0.259014279020163,"TKW_13"
"W11","S5","S",0.312291717171804,"TKW_13"
"W11","S5","W",0.366680907854734,"TKW_13"
"W11","S6","E",0.282849194974869,"TKW_13"
"W11","S6","N",0.295534715382562,"TKW_13"
"W11","S6","S",0.401858856568455,"TKW_13"
"W11","S6","W",0.229172615431933,"TKW_13"
"W11","S7","E",0.326530499954898,"TKW_13"
"W11","S7","N",0.202419525096441,"TKW_13"
"W11","S7","S",0.313053912359014,"TKW_13"
"W11","S7","W",0.401592661286976,"TKW_13"
"W11","S8","E",0.557645089661653,"TKW_13"
"W11","S8","N",0.271965921647688,"TKW_13"
"W11","S8","S",0.375457072515818,"TKW_13"
"W11","S8","W",0.266636604204718,"TKW_13"
"W11","S9","E",0.169409997881064,"TKW_13"
"W11","S9","N",0.28403722397182,"TKW_13"
"W11","S9","S",0.286230341999592,"TKW_13"
"W11","S9","W",0.120855029134894,"TKW_13"
"W18","S1","E",0.244215062224912,"TKW_19"
"W18","S1","N",0.185244387138963,"TKW_19"
"W18","S1","S",0.224090667486268,"TKW_19"
"W18","S1","W",0.172280639593653,"TKW_19"
"W18","S2","E",NA,"TKW_19"
"W18","S2","N",NA,"TKW_19"
"W18","S2","S",NA,"TKW_19"
"W18","S2","W",NA,"TKW_19"
"W18","S3","E",0.316683884957724,"TKW_19"
"W18","S3","N",0.286001364911621,"TKW_19"
"W18","S3","S",0.415633087161581,"TKW_19"
"W18","S3","W",0.275700408204232,"TKW_19"
"W18","S4","E",0.198733711700902,"TKW_19"
"W18","S4","N",0.581450718624452,"TKW_19"
"W18","S4","S",0.228085468306719,"TKW_19"
"W18","S4","W",0.163515766937531,"TKW_19"
"W18","S5","E",0.136114294839186,"TKW_19"
"W18","S5","N",0.177983682441217,"TKW_19"
"W18","S5","S",0.361108944760995,"TKW_19"
"W18","S5","W",0.375187338747395,"TKW_19"
"W18","S6","E",0.189761549856372,"TKW_19"
"W18","S6","N",0.287750608314403,"TKW_19"
"W18","S6","S",0.111454416178015,"TKW_19"
"W18","S6","W",0.301746303193026,"TKW_19"
"W18","S7","E",0.353019014737701,"TKW_19"
"W18","S7","N",0.374901298986079,"TKW_19"
"W18","S7","S",0.258447418198946,"TKW_19"
"W18","S7","W",0.210506763035963,"TKW_19"
"W18","S8","E",0.618888147289326,"TKW_19"
"W18","S8","N",0.551036638826448,"TKW_19"
"W18","S8","S",0.33907937055731,"TKW_19"
"W18","S8","W",0.34559888256839,"TKW_19"
"W18","S9","E",0.213224428281744,"TKW_19"
"W18","S9","N",0.364176680052452,"TKW_19"
"W18","S9","S",0.257514895291417,"TKW_19"
"W18","S9","W",0.208767317437608,"TKW_19"
"W26","S1","E",0.274898616367501,"TKW_21"
"W26","S1","N",0.357488482389853,"TKW_21"
"W26","S1","S",0.243326185345742,"TKW_21"
"W26","S1","W",0.290462190492741,"TKW_21"
"W26","S2","E",0.748457344662543,"TKW_21"
"W26","S2","N",0.212950884317511,"TKW_21"
"W26","S2","S",0.193827634898068,"TKW_21"
"W26","S2","W",0.358341309237909,"TKW_21"
"W26","S3","E",0.352746144526694,"TKW_21"
"W26","S3","N",0.173430484410414,"TKW_21"
"W26","S3","S",0.555833101636498,"TKW_21"
"W26","S3","W",0.321104981026197,"TKW_21"
"W26","S4","E",0.0930338601039192,"TKW_21"
"W26","S4","N",0.0895020215342072,"TKW_21"
"W26","S4","S",0.118848135088617,"TKW_21"
"W26","S4","W",0.10656908762517,"TKW_21"
"W26","S5","E",0.160789468199895,"TKW_21"
"W26","S5","N",0.31922546722282,"TKW_21"
"W26","S5","S",0.648045010382082,"TKW_21"
"W26","S5","W",0.445580831433496,"TKW_21"
"W26","S7","E",0.182808793407283,"TKW_21"
"W26","S7","N",0.133057297637733,"TKW_21"
"W26","S7","S",0.15618795103328,"TKW_21"
"W26","S7","W",0.188881829452966,"TKW_21"
"W26","S8","E",0.0398369403767944,"TKW_21"
"W26","S8","N",0.0705796656607672,"TKW_21"
"W26","S8","S",0.380522649861805,"TKW_21"
"W26","S8","W",0.159299927442321,"TKW_21"
"W26","S9","E",0.129804316974248,"TKW_21"
"W26","S9","N",0.582559968395652,"TKW_21"
"W26","S9","S",0.0641922881500662,"TKW_21"
"W26","S9","W",0.117959555421543,"TKW_21"
"W9","S1","E",0.224350764789644,"TKW_25"
"W9","S1","N",0.324082212730522,"TKW_25"
"W9","S1","S",0.339503900103796,"TKW_25"
"W9","S1","W",0.186076774817703,"TKW_25"
"W9","S2","E",0.331567089441407,"TKW_25"
"W9","S2","N",0.339960069660468,"TKW_25"
"W9","S2","S",0.159474936041547,"TKW_25"
"W9","S2","W",0.382963793437184,"TKW_25"
"W9","S3","E",0.443873073507113,"TKW_25"
"W9","S3","N",0.162879252747905,"TKW_25"
"W9","S3","S",0.181101086400543,"TKW_25"
"W9","S3","W",0.465456212307446,"TKW_25"
"W9","S4","E",0.24678637325803,"TKW_25"
"W9","S4","N",0.318020242864123,"TKW_25"
"W9","S4","S",0.35289427225521,"TKW_25"
"W9","S4","W",0.236653992223964,"TKW_25"
"W9","S5","E",0.611403836336324,"TKW_25"
"W9","S5","N",0.227716131065137,"TKW_25"
"W9","S5","S",0.162760148155445,"TKW_25"
"W9","S5","W",0.347457734993256,"TKW_25"
"W9","S6","E",0.500784882436211,"TKW_25"
"W9","S6","N",0.266150892191482,"TKW_25"
"W9","S6","S",0.170421238361851,"TKW_25"
"W9","S6","W",0.363353128837011,"TKW_25"
"W9","S7","E",0.265435793721159,"TKW_25"
"W9","S7","N",0.24323036666196,"TKW_25"
"W9","S7","S",0.261936963170611,"TKW_25"
"W9","S7","W",0.5327192849284,"TKW_25"
"W9","S8","E",0.00747452646175964,"TKW_25"
"W9","S8","N",0.274524079072515,"TKW_25"
"W9","S8","S",0.287156956036245,"TKW_25"
"W9","S8","W",0.0232141480070792,"TKW_25"
"W9","S9","E",0.339001326725495,"TKW_25"
"W9","S9","N",0.291424536491096,"TKW_25"
"W9","S9","S",0.431323049608847,"TKW_25"
"W9","S9","W",0.218781785275927,"TKW_25"
