"plot_id","subplot","hegyi","rich","ba_sum","ba_sd","ba_mean","cum_height","crown_area_sum","crown_area_mean","crown_area_sd","ba_cov","crown_area_cov"
"ABG_1","S1",3.41186289106644,7,1332.50652402011,51.163102140216,78.3827367070653,24.9,908.894170610063,53.4643629770625,43.4741504841048,65.2734317397267,81.3142588134011
"ABG_1","S2",3.87021913341069,5,5698.00084359542,496.921616249579,438.307757199647,92.6,3825.64303798243,294.280233690956,308.566800541037,113.372763335154,104.854749050214
"ABG_1","S3",3.29655407835241,5,1189.23419105315,316.492628482044,198.205698508858,34.2,510.477390281806,85.0795650469676,138.878105488312,159.678874453703,163.233210479679
"ABG_1","S4",3.05370519114328,2,1915.93954969991,480.546459013465,478.984887424976,44.8,486.664117967595,121.666029491899,112.171011498724,100.326016880592,92.1958347512223
"ABG_1","S5",3.74281083678952,8,2965.44355350301,219.662510033687,156.075976500159,124.8,2565.89579981946,135.047147358919,123.119648068594,140.74075649526,91.1678998604648
"ABG_1","S6",3.68641461086413,9,1272.52566628145,85.518354950632,79.5328541425905,66.6,707.42383373535,44.2139896084594,25.6809109873469,107.525821715527,58.0832248226553
"ABG_1","S7",2.14175760535814,3,366.725964435171,97.3122778246149,122.241988145057,19.4,144.858837257025,48.2862790856751,58.2893627219596,79.6062623827261,120.71620308232
"ABG_1","S8",3.42964484913507,7,2939.22696280881,483.196707768476,267.202451164437,80.2,994.408322640777,90.400756603707,125.591051018094,180.835432333334,138.926991030232
"ABG_1","S9",3.32703654992937,7,1375.63273717226,164.318951541136,114.636061431022,45.4,511.199956592131,42.5999963826776,26.1579562998957,143.339669463443,61.4036585001503
"ABG_10","S1",2.84368607146484,3,624.572181478553,80.1958596074623,89.224597354079,28.4,218.215025718347,31.173575102621,24.4633173637969,89.8808870935141,78.4745326234337
"ABG_10","S2",3.46794529944981,2,1433.01392699008,122.364388977189,238.835654498347,60,701.360559913921,116.89342665232,64.878010777022,51.2337193683265,55.5018469686843
"ABG_10","S3",3.27599426167513,3,2273.90832461319,550.762383655948,324.844046373313,62,429.487131672261,61.3553045246087,79.3392560758523,169.546707044465,129.311160119873
"ABG_10","S4",2.83648088791812,2,123.409613414641,5.5666825588729,24.6819226829282,20.2,30.1907054009979,6.03814108019958,3.45420933826613,22.5536828325097,57.2065026700562
"ABG_10","S5",2.55781383615451,2,972.02447498395,317.19597165092,243.006118745987,33.6,229.022104446696,57.255526111674,63.4491050773313,130.53003491755,110.817434379307
"ABG_10","S7",2.31234352578288,2,2087.15634932055,1424.48268123601,1043.57817466027,21.2,530.426503632101,265.21325181605,358.451795450617,136.499853659716,135.156065164962
"ABG_10","S8",3.34091146190632,5,962.686090821154,97.5791122212164,80.2238409017629,55.2,375.671649516267,31.3059707930223,40.6972277040192,121.633558209592,129.99829321086
"ABG_10","S9",2.25398746611938,3,127.391582103066,21.2215358876296,31.8478955257665,20.6,13.3203528512207,3.33008821280518,2.35207190655897,66.6340288338999,70.6309189502715
"ABG_11","S1",2.19668176282974,2,902.029790661969,249.254354502778,225.507447665492,42.4,341.271209959459,85.3178024898648,64.0129260876338,110.530431293121,75.0288031565723
"ABG_11","S2",2.47458256543029,2,194.849430357273,11.7706702420447,32.4749050595455,28.4,97.1694607755323,16.1949101292554,10.9831759585209,36.2454338833698,67.8186903839635
"ABG_11","S3",3.83945466061198,5,1094.42092476781,69.0048120087207,68.401307797988,98.4,1005.87513582638,62.8671959891487,101.043909412993,100.88229922813,160.725968166982
"ABG_11","S4",2.01918469155829,2,115.060830937726,3.59217715203197,23.0121661875452,25,30.0336257683184,6.00672515366368,2.30413923178136,15.6099044425298,38.3593251370257
"ABG_11","S5",4.35829217905296,2,3911.87190234184,175.837925442368,230.110111902461,173.4,1257.79945071775,73.9882029833968,73.5388854686839,76.4146885978232,99.3927173568282
"ABG_11","S6",3.67475604617587,3,1834.88645923729,75.8642627187045,152.907204936441,112.9,539.725617886726,44.9771348238939,12.8684896072752,49.6145768606778,28.6111813428339
"ABG_11","S7",4.05151663408521,1,2248.75202143957,104.637112606661,172.980924726121,110.8,582.105702783653,44.7773617525887,33.5450151312664,60.4905499102469,74.9151218792542
"ABG_11","S8",2.71384148003533,1,481.244870640152,73.4408549677578,240.622435320076,18,129.465033254435,64.7325166272177,16.7718830915478,30.521200099262,25.9095180682283
"ABG_11","S9",2.21836701391003,1,241.588475061055,5.50917484331638,120.794237530528,16.4,53.564154743706,26.782077371853,10.1075586843103,4.56079276291974,37.7400100222732
"ABG_12","S1",2.11970393909539,3,1704.69885967253,897.698145052319,568.232953224176,18.4,300.022098417825,100.007366139275,137.253192893028,157.980655637577,137.243083376362
"ABG_12","S2",3.43423039047883,2,6457.24524815173,2622.7414882432,2152.41508271724,48.8,662.813218054374,220.937739351458,166.039815418929,121.85110155111,75.1523102871984
"ABG_12","S3",2.49370867762879,1,1239.90022657392,97.4069734070964,413.300075524639,30.6,279.067675418381,93.0225584727938,22.9336909243884,23.5680995904607,24.6539025596633
"ABG_12","S4",2.98642182413992,1,2745.56348367826,74.2850027260081,1372.78174183913,18.4,632.559680800305,316.279840400152,41.4298833983267,5.4112755481791,13.0991223929765
"ABG_12","S5",3.44680748333066,4,4005.2793059147,483.902484566395,572.182757987814,66.8,998.900800135411,142.700114305059,109.333753559561,84.5713153378,76.6178458174405
"ABG_12","S6",2.69556597201153,2,5271.95375587884,2573.66534840382,1317.98843896971,36.9,1606.86181045811,401.715452614527,778.135198113447,195.272224877457,193.703078397664
"ABG_12","S7",2.98389173975548,6,651.055807548315,76.0954887948782,93.0079725069021,38.6,113.599990353807,16.2285700505438,12.7255684756377,81.8160924744716,78.4146011386337
"ABG_12","S8",1.75776185890795,2,161.422884523078,17.9801300351719,40.3557211307694,22,51.8991106373034,12.9747776593258,4.42789996833458,44.554104179947,34.1269814758787
"ABG_12","S9",3.08299731786203,4,1492.65706351848,470.533979303624,298.531412703697,36,423.046866732401,84.6093733464803,124.762130399794,157.616237112925,147.456629762386
"ABG_13","S1",1.81353326877762,1,829.576810088555,NA,829.576810088555,8.8,102.290256800884,102.290256800884,NA,NA,NA
"ABG_13","S2",1.99770165818372,1,789.238760416462,NA,789.238760416462,6.6,36.1911473693544,36.1911473693544,NA,NA,NA
"ABG_13","S3",1.82012495390556,3,121.202644575494,4.29594847147832,30.3006611438736,10.4,32.6097317442621,8.15243293606551,5.06699712869274,14.1777384033976,62.1531899548278
"ABG_13","S4",2.05572501506252,1,490.873852123405,NA,490.873852123405,7,0,NA,NA,NA,NA
"ABG_13","S5",3.08007342198774,1,2324.27590883187,NA,2324.27590883187,13.2,314.033601652836,314.033601652836,NA,NA,NA
"ABG_13","S6",1.65292302437384,1,2099.28289696341,NA,2099.28289696341,11.4,305.896876680038,305.896876680038,NA,NA,NA
"ABG_13","S8",1.55251183065886,1,93.3210097748848,6.87912103860653,31.1070032582949,11.2,10.7128309487412,5.3564154743706,3.97638022965174,22.1143804225891,74.235843889966
"ABG_13","S9",3.53216459990561,2,4071.10352598904,1341.33247511079,581.586217998434,38.6,974.741952629305,139.248850375615,338.931075834271,230.633469913898,243.399550459502
"ABG_14","S1",2.50378167874491,3,729.030137210413,263.216790753991,182.257534302603,18.6,116.301760035894,29.0754400089735,37.3072163390557,144.420252233288,128.311785918086
"ABG_14","S2",3.27346115487282,2,1274.15144047968,159.036224870087,254.830288095936,36.1,658.980475016995,164.745118754249,139.431720390107,62.4086822874897,84.634811303938
"ABG_14","S3",2.98259495073096,3,509.448518687755,45.2294511387209,72.7783598125364,28.6,258.55307539044,36.9361536272057,63.0336191688527,62.1468404278739,170.655612398213
"ABG_14","S4",0.040005334613699,1,20.4282062299676,NA,20.4282062299676,2.4,6.1261056745001,6.1261056745001,NA,NA,NA
"ABG_14","S5",3.69657225125085,3,3012.04908051902,727.484084125114,430.292725788431,48.4,892.118065839894,127.445437977128,261.269774208944,169.067251321094,205.005199366833
"ABG_14","S6",3.08482270918353,2,915.318727586654,161.168074405189,152.553121264442,27.4,230.153077801988,38.3588463003314,39.2572241402019,105.647182482627,102.342035609822
"ABG_14","S7",3.20976822014942,2,1230.28695305393,338.702410621866,307.571738263483,28.8,324.840680381185,81.2101700952961,94.6720323135318,110.12143460714,116.576571878176
"ABG_14","S8",2.05183801841469,2,445.11655512387,37.5804086525652,148.37218504129,22,107.568132458915,35.8560441529715,14.2166121784763,25.3284728819671,39.6491373053437
"ABG_14","S9",-0.124052648669979,1,22.0618344098343,NA,22.0618344098343,3.2,1.88495559215388,1.88495559215388,NA,NA,NA
"ABG_15","S1",2.58948561011101,1,5265.51349093898,1955.00177927783,2632.75674546949,21.6,778.235332147264,389.117666073632,251.556031958527,74.2568329809444,64.6478055074799
"ABG_15","S2",3.15043225303802,1,2893.79167905626,NA,2893.79167905626,10.2,187.364585860095,187.364585860095,NA,NA,NA
"ABG_15","S3",2.30790425447165,1,1788.67363130298,330.667116276109,894.336815651491,19.2,276.208826103615,138.104413051807,62.1559323048355,36.9734433928262,45.0064780200173
"ABG_15","S4",3.7187353379907,2,2850.21778895097,858.197637109712,950.072596316991,24.4,172.881843727046,86.4409218635231,15.9721641626793,90.3296906401219,18.4775495429085
"ABG_15","S5",1.40474020691064,1,1152.09271190608,NA,1152.09271190608,11.8,134.774324839002,134.774324839002,NA,NA,NA
"ABG_15","S6",3.62562827331205,1,2466.7314277089,287.566023218942,616.682856927225,38.6,317.395105792177,79.3487764480442,64.8402925745013,46.631103814335,81.7155543878579
"ABG_15","S7",3.23289300764521,2,4273.31213713735,494.990152852303,854.662427427469,54,626.810566244236,125.362113248847,81.0113580291874,57.9164518021719,64.6218829036311
"ABG_15","S8",1.43616619116006,1,268.802521422777,NA,268.802521422777,1.8,0,NA,NA,NA,NA
"ABG_15","S9",1.51412773262978,1,314.159265358979,NA,314.159265358979,1.6,0,NA,NA,NA,NA
"ABG_2","S1",3.51320702656056,3,2473.40731209778,325.00857868491,353.343901728254,64.2,641.073396891533,91.5819138416476,66.7451141570465,91.9808088084294,72.880235143867
"ABG_2","S2",3.47652726155883,4,3020.42142494083,374.316381089982,302.042142494083,75,1483.805626217,148.3805626217,230.089958293502,123.928527985897,155.067452386013
"ABG_2","S3",2.47117091167566,3,366.411805169812,45.3730368803105,52.3445435956874,32.9,164.525207268497,23.5036010383568,21.9241037369391,86.6815025282764,93.2797646673802
"ABG_2","S4",3.2507006787391,4,1649.34399711628,465.945366454651,235.620571016611,47.9,393.295984302906,56.1851406147009,90.1046177401862,197.752413740566,160.37090368447
"ABG_2","S5",2.76604937405296,3,4105.45684165604,717.724552387127,1026.36421041401,44.5,1073.70212121738,268.425530304346,214.416854561513,69.9288366746162,79.8794564430599
"ABG_2","S6",0.209720530982069,1,43.0084034276443,NA,43.0084034276443,4,12.8176980266464,12.8176980266464,NA,NA,NA
"ABG_2","S7",1.93739266343915,2,181.733281028536,54.1216455413006,60.5777603428452,12.6,85.0114972061398,28.3371657353799,15.5623985451296,89.3424339807124,54.9186841424278
"ABG_2","S8",1.96748459382805,3,277.064910101718,31.4821990208869,55.4129820203436,27.5,127.705741368425,25.541148273685,12.3042592914206,56.8137607344953,48.1742604505282
"ABG_2","S9",1.6867729950932,2,237.661484244068,130.687401625928,118.830742122034,10,110.20707028793,55.103535143965,58.3794818074009,109.977771149252,105.945075311189
"ABG_3","S1",2.35682773747326,2,716.448058632786,181.645297783923,238.816019544262,24.4,111.306627716686,37.1022092388955,39.0073609774594,76.0607676698408,105.134874115708
"ABG_3","S2",3.20897245058451,1,944.881114456934,115.595948027842,157.480185742822,50.4,202.004407625824,33.6674012709706,26.4266745540296,73.4034872276692,78.4933602131501
"ABG_3","S3",2.96020124373911,1,1119.38087840058,90.2304578572073,139.922609800072,82.6,298.45130209103,37.3064127613788,25.813958250807,64.485974058183,69.194426212779
"ABG_3","S4",3.45853071954418,2,1300.84712405356,53.4255635707427,108.403927004463,103.2,250.039359299212,20.8366132749343,13.1432157144335,49.2837898469702,63.0775046837592
"ABG_3","S5",2.33686068369121,1,283.128183923146,31.2757582362392,70.7820459807865,24.6,31.8243335808646,10.6081111936215,3.09671384259376,44.1860048023037,29.1919436558674
"ABG_3","S6",1.90895016444887,1,328.799087124708,60.9955916061849,82.1997717811769,28.8,42.5999963826776,10.6499990956694,7.50912936792966,74.2040887516824,70.5082629629808
"ABG_3","S7",3.38948119458928,1,567.646522595506,50.2578033936833,63.0718358439451,47,155.665915985374,17.2962128872638,10.3888568246632,79.6834319489816,60.0643440987771
"ABG_3","S8",3.78267613580369,3,1841.05968880159,56.5325649458983,204.562187644621,88,534.761901494055,59.417989054895,31.0486202189056,27.6358820742132,52.2545793164095
"ABG_3","S9",1.49555093177436,2,191.330846585252,82.409924899165,95.6654232926262,12.6,25.1641571552542,12.5820785776271,14.5948704518502,86.1438982474215,115.997292194647
"ABG_4","S1",3.33420333163822,3,346.360590058275,11.417713475778,38.484510006475,39,75.5553033188345,8.39503370209273,4.76650057799872,29.6683353220737,56.7776229035331
"ABG_4","S2",2.89224535321001,4,474.278388930817,27.6099773209046,59.2847986163521,49.4,102.510168286635,12.8137710358294,7.66906160750012,46.5717653855522,59.850153292549
"ABG_4","S5",2.72330213524861,3,936.877907171914,248.346963502921,156.146317861986,29.4,117.841140436153,19.6401900726922,23.8599229266947,159.047595168033,121.485193566785
"ABG_4","S6",3.45895244231751,5,1024.65400591321,73.0864174808216,73.1895718509438,80.8,350.193333095654,25.0138095068324,53.1423477920495,99.8590586506883,212.452036854018
"ABG_4","S7",2.30479678261858,2,205.71148695706,18.399875641505,41.1422973914119,21.6,32.0442450666159,6.40884901332318,2.76852574087473,44.7225284151141,43.1984859546437
"ABG_4","S8",2.34250442459759,3,1180.14713430264,527.953221783772,295.03678357566,23.8,146.869456555323,36.7173641388307,61.3222972609622,178.944881172209,167.011708762913
"ABG_5","S1",1.15088618957434,2,51.2865000698534,5.06488654950053,25.6432500349267,3.2,25.0699093756465,25.0699093756465,NA,19.7513440870484,NA
"ABG_5","S2",3.27712945520379,2,4795.61762375992,2690.44170222974,1598.53920791997,28.6,1009.33088774533,336.443629248443,575.338973275227,168.306269180007,171.006053691798
"ABG_5","S3",2.47609602010585,1,1604.59986374752,NA,1604.59986374752,10.8,199.42830164988,199.42830164988,NA,NA,NA
"ABG_5","S4",4.02838280654434,1,6051.91696398557,632.533243905607,3025.95848199279,34,1254.62644213762,1254.62644213762,NA,20.9035665118922,NA
"ABG_5","S5",3.66892703281997,3,399.382820069236,12.5059044137968,49.9228525086546,38.4,157.173880459097,19.6467350573872,7.12287784334739,25.05046043118,36.2547661102051
"ABG_5","S6",3.20842457492522,3,457.777173517837,23.4483270697325,57.2221466897296,54,202.130071331967,25.2662589164959,12.7694355278608,40.9777130467933,50.5394786385407
"ABG_5","S7",2.84944740238008,3,328.767671198172,44.3658870877949,54.794611866362,30.4,230.969891891922,38.4949819819869,6.79527773944607,80.9676089977576,17.6523728277774
"ABG_5","S8",1.69459572077441,1,471.435247579318,NA,471.435247579318,7.8,99.9026463841554,99.9026463841554,NA,NA,NA
"ABG_5","S9",3.96244711611181,1,386.965675105923,18.3591260030098,48.3707093882403,40.7,229.933166316237,28.7416457895296,11.3895926070078,37.955048076002,39.627489289973
"ABG_6","S1",2.57783668543188,1,682.338216396435,51.6674852854219,113.723036066073,44.7,200.590690931708,40.1181381863417,47.8430833728505,45.4327347147181,119.255492741532
"ABG_6","S2",2.92031695975063,1,2156.49915316691,386.403491755084,308.071307595273,56.5,775.847721730535,110.835388818648,87.5598544367691,125.426640595404,78.9999073130308
"ABG_6","S3",2.19799617082946,3,224.66314463984,10.3431132450728,37.4438574399733,25.4,56.7999951769035,9.46666586281724,5.16314484367745,27.6229906645008,54.5402670644268
"ABG_6","S4",2.71496770648965,2,415.114345282087,59.4987597746764,83.0228690564175,31.6,168.766357350844,33.7532714701687,32.6851320816687,71.6655066861693,96.8354493002432
"ABG_6","S5",2.5642623083105,1,69.1935781953152,10.2630595871458,34.5967890976576,10.4,28.7769887068825,14.3884943534413,7.01975504229022,29.6647748384277,48.7872800993338
"ABG_6","S6",1.10352772432773,1,85.1135989673815,27.7957863818533,42.5567994836907,11.4,39.8353948475186,19.9176974237593,2.75458742165819,65.3145601151365,13.8298487172132
"ABG_6","S7",2.64657865140099,1,2280.1286780673,449.431604125902,760.042892689101,36,786.874711944635,262.291570648212,152.612572996024,59.1324000854441,58.1843223626539
"ABG_6","S8",3.54050698247796,2,2094.50767612995,260.103603503401,149.607691152139,96.1,705.036223318621,50.3597302370444,74.6391273373422,173.857106877544,148.211928431733
"ABG_6","S9",2.60116906169576,2,2255.82060491015,503.471241701388,751.940201636717,47.6,1735.66710925529,578.555703085096,618.560694983647,66.9562872959184,106.914630982847
"ABG_7","S1",4.18975353988318,4,2361.08752075031,88.9307527476186,107.322160034105,181.4,898.589746706288,40.8449884866495,32.5308808378335,82.8633645831933,79.6447300957533
"ABG_7","S2",4.0168655232902,4,3001.38337346008,342.90447489798,300.138337346008,110.8,780.308783298633,78.0308783298633,100.614665296303,114.248808709388,128.942115544272
"ABG_7","S3",3.57758750047402,4,1520.93925138243,94.2768990540396,108.638517955888,92.8,479.438454864338,34.2456039188813,22.8758113021195,86.7803619083983,66.799263801293
"ABG_7","S4",4.42427001216598,3,4241.98260439942,239.021134736942,249.528388494084,160.2,1711.97950064722,100.70467650866,91.91219723704,95.7891549652712,91.2690457122277
"ABG_7","S5",2.32156786193451,3,154.959057638317,7.66583812783915,30.9918115276633,18.2,23.687608608067,4.73752172161341,2.19893533060472,24.7350437098413,46.4153086744234
"ABG_7","S6",0.788295298942637,2,86.9357227064636,18.7767340173918,43.4678613532318,8.7,16.2734499455951,8.13672497279756,3.68759283867144,43.1968204389144,45.3203574042343
"ABG_7","S7",1.8361523164308,2,144.921669110097,26.2020943883383,48.307223036699,9,7.22566310325652,2.40855436775217,0.790616813255528,54.2405312108969,32.8253671098728
"ABG_7","S8",3.60415932737997,2,389.09410412873,17.3312413746866,43.2326782365255,42.8,138.826979362133,15.4252199291259,8.15256913114118,40.0882898807877,52.8522067665791
"ABG_7","S9",3.64692604524195,3,3245.70503412976,871.438314476866,295.064094011796,45.5,777.732677322689,70.702970665699,190.894291747521,295.338650876995,269.994725752211
"ABG_8","S1",1.59367664074433,2,201.211155480792,58.6756777411906,67.0703851602641,15.8,19.0066355542182,6.33554518473942,2.21751344966295,87.4837345886499,35.0011464680945
"ABG_8","S2",2.85170891366428,2,1600.57862515093,501.212926791911,266.763104191821,42.7,246.897766645622,61.7244416614055,89.833047234965,187.886899993301,145.538857569181
"ABG_8","S3",3.56265736988196,5,3170.13402284766,485.858830830883,317.013402284766,72.4,795.859666933902,99.4824583667378,130.878292032234,153.261290320605,131.559165485996
"ABG_8","S4",2.98065166838135,3,2196.23244625319,361.723651411912,549.058111563297,41.8,599.447294231468,149.861823557867,101.538676658395,65.8807590296773,67.7548652804073
"ABG_8","S5",3.54257299477584,3,1288.2336295494,144.860358556345,117.112148140854,65.8,371.776074625816,33.7978249659833,52.9891191816927,123.693708002108,156.782630938603
"ABG_8","S6",3.62424155076212,3,1753.36212987663,191.571035334908,159.396557261512,74.3,358.769881039954,35.8769881039954,55.3101256166485,120.185177538439,154.166022678166
"ABG_8","S7",2.75534621578456,6,558.771523349115,52.738620803448,69.8464404186393,34.8,117.71547673001,19.6192461216683,13.1764216024078,75.5065261555893,67.1606927233318
"ABG_8","S8",3.10922692412722,4,1576.04278652639,241.125407125786,225.14896950377,56.4,166.535826566795,27.7559710944658,40.0234600999325,107.095940815198,144.197657375111
"ABG_8","S9",2.32772122364217,4,581.359574528425,84.5032386426517,116.271914905685,41.1,171.216799620644,34.2433599241287,31.5770618448778,72.6772571959421,92.2136785491887
"ABG_9","S1",3.43422683793188,1,4588.81443335574,822.307886427121,1147.20360833893,42.4,567.245969532173,141.811492383043,118.428992907769,71.6793322867736,83.5115623689253
"ABG_9","S3",3.840387131792,1,5812.08778081053,777.842598278109,968.681296801755,73.2,866.702581272352,144.450430212059,154.950804726928,80.2991242678342,107.269188814083
"ABG_9","S4",3.09510825086456,2,4342.25438792037,1228.19156699915,1447.41812930679,31.2,303.163691071415,101.054563690472,10.4293463443468,84.8539576872208,10.3205099932861
"ABG_9","S5",3.38665972310853,2,2693.85286860018,474.022948120674,673.463217150044,37,398.32253254865,99.5806331371625,72.7722904499478,70.3858705344948,73.0787585470673
"ABG_9","S6",2.62506666549352,1,2407.11970710704,165.030886737892,1203.55985355352,20.6,429.581379451868,214.790689725934,50.7821519831501,13.7118969406164,23.6426225214633
"ABG_9","S7",4.35423985551126,3,2707.66802229434,366.895232416668,451.278003715723,53.6,361.063243677075,60.1772072795125,53.9157262727095,81.3013772875553,89.5949292267427
"ABG_9","S8",2.64992191152429,1,1188.30742122034,30.5448201998388,594.15371061017,20.4,173.604410037372,86.802205018686,5.19817303764529,5.14089530274423,5.98852648561897
"ABG_9","S9",3.73063124879416,1,4843.95888071703,938.532343029354,1614.65296023901,38,741.353034394119,247.117678131373,136.14378027942,58.1259481845824,55.0926915908636
"TKW_10","S2",2.27814477957589,2,591.082803791286,98.8546464970849,98.5138006318809,20.4,665.232244397639,110.87204073294,101.57912107914,100.345987935718,91.6183380477466
"TKW_10","S3",3.13840654411208,3,644.269967416561,73.0438832891809,107.37832790276,25.6,251.20174858104,41.86695809684,30.2264099612427,68.0247911434495,72.1963365270716
"TKW_10","S4",3.55420528848194,4,401.542665018579,19.2842588149633,44.615851668731,28.4,359.712358836031,39.9680398706701,14.4547216112835,43.2228862471286,36.1657005398727
"TKW_10","S5",1.32214512176236,2,97.3265404082118,7.40832134429866,32.4421801360706,9.8,85.0743290592116,28.3581096864039,9.66755061136838,22.8354608513556,34.0909557028882
"TKW_10","S7",2.23931560755978,1,559.289886136957,192.756686948166,186.429962045652,14.2,313.719442387477,104.573147462492,66.4757466991841,103.393620227721,63.5686582189058
"TKW_10","S9",0.154150679827258,1,24.630086404144,NA,24.630086404144,3.2,4.83805268652828,4.83805268652828,NA,NA,NA
"TKW_13","S1",1.38583638080504,2,136.604302559718,45.2341019141249,68.3021512798591,9.9,87.0221165044373,43.5110582522186,30.8780364202006,66.2264673462247,70.9659513248593
"TKW_13","S2",2.91015343642256,4,5935.15181903327,1328.07169049111,1187.03036380665,55.2,2384.97147889923,476.994295779845,553.609122609388,111.881863428679,116.062000637614
"TKW_13","S3",2.13424429570366,2,485.658808318446,139.347512137474,121.414702079612,19.9,131.946891450771,32.9867228626928,15.1595436790982,114.769883507274,45.9565011723042
"TKW_13","S4",3.40051222121316,5,5852.34729066628,1221.50254519417,836.049612952326,54.3,1639.12596701047,234.160852430068,258.556170430534,146.104074001148,110.418188073411
"TKW_13","S5",3.26953182618591,3,5437.46071085158,1499.88663095849,776.780101550226,48.7,1782.66533535299,254.666476478999,409.82497560152,193.090248831703,160.926157721162
"TKW_13","S6",3.44920861582905,5,2314.12856456078,441.293071236566,231.412856456078,61.8,780.434447004777,78.0434447004777,114.55689784918,190.69514027641,146.786060365271
"TKW_13","S7",2.3654950146593,2,1267.0121711744,257.978286609131,422.337390391466,24.7,510.006151383767,170.002050461256,119.713665579494,61.0834589781431,70.4189539212511
"TKW_13","S8",3.82441290138211,5,5543.77220624906,848.695267373987,503.979291477187,99.7,3636.42491245672,330.584082950611,400.963568250653,168.398837358261,121.289435556568
"TKW_13","S9",3.35694613374627,2,3474.64859876011,975.900578506073,1158.2161995867,37.1,1031.16495668778,343.721652229259,252.878525087046,84.2589301422577,73.5707289450531
"TKW_19","S1",3.14156307562764,3,1178.8669352963,48.6761608455137,130.985215032922,59.7,1570.23084011725,174.470093346361,144.202827926895,37.1615688330009,82.6518890206707
"TKW_19","S2",3.13181722126164,2,903.01939234785,66.4777678350336,100.33548803865,48.4,981.936199806026,109.10402220067,67.4924597962443,66.2554885958454,61.8606522792614
"TKW_19","S3",2.38172460256146,3,2246.96916760866,613.367057565909,561.742291902165,37.6,1505.13704033487,376.284260083717,516.93289040409,109.190115540159,137.378292222237
"TKW_19","S4",3.24758870891862,4,4867.31662209647,911.851874912161,973.463324419294,62.2,2191.63786699731,438.327573399462,485.978565004923,93.6709018242792,110.871091507181
"TKW_19","S5",3.52880435323535,3,4712.46752020103,1274.29443654736,785.411253366838,60.3,1284.09458122829,214.015763538049,311.330965046362,162.245502733099,145.47104376777
"TKW_19","S6",2.57265417211757,2,1773.8374599964,700.570021247856,443.459364999101,34.2,636.172512351933,159.043128087983,195.801200608647,157.97840265461,123.112015566198
"TKW_19","S7",3.36410102455239,3,956.065184303714,83.4551196690037,136.580740614816,44.2,447.237130165043,63.8910185950061,38.008275882821,61.1031389149976,59.4892313796854
"TKW_19","S8",1.75498021772476,1,243.449868708307,22.9129899621025,60.8624671770768,16,325.72032632419,81.4300815810474,0,37.6471592836322,0
"TKW_19","S9",2.46628856397357,3,564.55205383172,133.077575611985,112.910410766344,23.8,605.918975097863,121.183795019573,38.6195257838396,117.861209350637,31.8685561692486
"TKW_21","S1",3.99189014568845,2,4523.4771601427,687.740108075647,646.211022877529,64.8,3209.4196389808,458.4885198544,351.929691808615,106.426551656948,76.7586704069223
"TKW_21","S2",4.39966328267349,4,3499.34937099897,297.48173435242,205.844080646998,133.8,3677.26561695339,216.309742173729,271.547952506156,144.517993141893,125.536626218186
"TKW_21","S3",3.99379071264926,9,4672.20015636364,534.127405675583,292.012509772728,147,2230.34228848954,139.396393030596,213.949649384092,182.912508128947,153.482916403104
"TKW_21","S4",3.66431413540598,4,3516.21972354874,667.426940289901,502.317103364106,60,1869.40470851861,267.057815502658,394.015666139637,132.869642665962,147.53946271822
"TKW_21","S5",3.08027982339882,3,1537.33051105253,377.066777754403,384.332627763133,41.6,1021.52026724126,255.380066810314,162.662596896108,98.1094891550016,63.694319970919
"TKW_21","S7",3.50104402856645,6,1416.89755667717,156.067818223405,157.433061853019,57.8,923.753903861543,102.639322651283,72.9544046477075,99.1328100885898,71.0784159162569
"TKW_21","S8",3.29958883623,3,1176.77777618166,124.037742861696,147.097222022708,47.6,708.114984119139,88.5143730148924,54.6817591649778,84.3236474190842,61.7772654343693
"TKW_21","S9",2.6554466817988,4,1379.96028105258,286.146566008654,275.992056210517,34.2,818.981788864323,163.796357772865,170.993574221792,103.679276113075,104.394002740224
"TKW_25","S1",3.01284688427228,2,515.11123944585,43.5948330343975,128.777809861463,26.1,131.287156993517,32.8217892483794,25.4856738256893,33.8527523346578,77.6486425917434
"TKW_25","S2",2.88542645380612,1,1343.38428858317,348.751265272516,447.794762861055,23.4,347.365899707423,115.788633235808,94.1946210858143,77.8819437378568,81.3504905045243
"TKW_25","S3",0.986998304038441,1,576.80426518072,NA,576.80426518072,10,331.752184219082,331.752184219082,NA,NA,NA
"TKW_25","S4",2.33720608278175,1,2447.87401780573,552.7152552666,815.958005935243,44.4,1883.07063656172,627.690212187241,0,67.7381986874536,0
"TKW_25","S6",3.23047496071155,3,646.139215045447,87.5312997430085,215.379738348482,23.8,208.601752198362,69.5339173994541,84.335733448078,40.6404522608267,121.287188471766
"TKW_25","S7",3.41461075364398,4,2223.03023158831,486.954914419126,370.505038598051,52.4,741.667193659478,123.611198943246,163.776036686051,131.430038377267,132.492879355734
"TKW_25","S8",2.40872655363494,2,763.611218344803,99.4611837419643,190.902804586201,41,135.40264336972,33.85066084243,21.8562823390223,52.1004308750495,64.5667818444083
"TKW_25","S9",1.60251919192049,2,423.942220638675,157.94448845153,211.971110319337,20.8,120.260166779417,60.1300833897086,51.8040150589266,74.5122711361866,86.1532400066368
"TKW_7","S1",2.37581733166506,2,194.166133955117,23.9894496041046,48.5415334887793,14.9,124.972555759802,31.2431389399505,17.2609766453811,49.4204609536078,55.2472550167152
"TKW_7","S2",2.22996723813406,3,403.113461345374,77.9685830750803,100.778365336344,15.4,184.285825059577,46.0714562648943,34.3552321239269,77.3663899140092,74.5694512593583
"TKW_7","S3",1.78136076200716,2,303.234376906121,114.176537906997,151.61718845306,10.2,183.029187998141,91.5145939990707,56.1136115089402,75.3058007947071,61.3165715508829
"TKW_7","S4",3.19875611255685,3,1037.66019949907,112.249733897311,172.943366583179,27.4,945.619388730528,157.603231455088,101.401724212213,64.905486758478,64.3398763312219
"TKW_7","S5",1.2904588332604,2,204.988920646734,104.963109413991,102.494460323367,9.2,82.9694619813064,41.4847309906532,53.2923808432096,102.408568309776,128.462640519995
"TKW_7","S6",2.22879637321203,1,264.050862534222,37.2535734364579,132.025431267111,9.3,105.337601674866,52.6688008374329,15.3057317219556,28.216967806064,29.0603383380573
"TKW_7","S7",3.19350621549044,2,272.038361855974,57.2089221162877,90.6794539519914,16.6,112.154857733156,37.3849525777185,13.3314253271215,63.0891780034052,35.6598695675945
"TKW_7","S8",3.16069743178365,4,544.595086499791,31.6838727911226,68.0743858124738,30.1,212.214583749991,26.5268229687488,10.8642529127327,46.543016749946,40.9557259289279
"TKW_7","S9",2.47104844058983,2,243.481284634843,70.9343239205513,81.1604282116143,12.4,90.8234436152809,30.2744812050936,26.9086962543727,87.4001351195438,88.8824355802516
"TKW_9","S1",2.74721949376441,2,1210.40852553834,341.209712895584,242.081705107669,28.3,734.347282776614,146.869456555323,156.341463357087,140.948161590248,106.44926931979
"TKW_9","S2",2.00541736021702,2,397.78846179754,127.415966172531,132.596153932513,12.8,128.491139531823,42.8303798439408,33.555288238333,96.0932594148856,78.3445964303771
"TKW_9","S3",2.79023937006151,4,1489.27199743424,369.032296141456,248.211999572374,40,1487.79544888705,247.965908147842,163.595501083491,148.676251259905,65.9749972508123
"TKW_9","S4",1.19523912435718,1,45.3645979178366,NA,45.3645979178366,7.4,770.75834163172,770.75834163172,NA,NA,NA
"TKW_9","S5",4.14874363170705,5,5422.70307936134,503.322596616241,774.671868480192,85,1763.25029275381,251.89289896483,164.428823664193,64.9723601818272,65.2772763106559
"TKW_9","S6",2.66250858097236,1,531.054822162819,41.6695389780754,66.3818527703523,35,681.976933241272,85.247116655159,21.0672776635793,62.7724856102328,24.7131850204395
"TKW_9","S7",2.18994311281711,2,651.330696905504,255.150949349835,217.110232301835,19.8,127.422998029602,42.474332676534,29.1432124655959,117.521383789556,68.613702980428
"TKW_9","S8",2.80093366375347,4,2118.45446613194,531.46303186584,423.690893226387,33.9,608.526497000343,121.705299400069,142.281069952238,125.436501081903,116.906224012919
"TKW_9","S9",3.38443604952604,7,1464.28062787493,206.91519947831,162.697847541659,65.1,618.391097932615,68.7101219925128,46.5460943959105,127.177588766396,67.7427037620201
