"plot_id","plot_name","subplot","target","point_id","lon","lat","ground_elev","antenna_elev","target_offset","target_elev","country","utm","centre"
"ABG_1","P1","S7","T1","P1S7T1",468300.5498,8345801.4777,1340.4357,0.67,0.165,1341.2707,"AGO","33S",FALSE
"ABG_1","P1","S7","T2","P1S7T2",468299.7292,8345790.1353,1340.6858,0.704,0.165,1341.5548,"AGO","33S",FALSE
"ABG_1","P1","S7","T3","P1S7T3",468288.9072,8345796.8632,1340.0277,0.67,0.165,1340.8627,"AGO","33S",FALSE
"ABG_1","P1","S7","T4","P1S7T4",468289.4495,8345806.3797,1339.8391,0.675,0.165,1340.6791,"AGO","33S",FALSE
"ABG_1","P1","S7","TC","P1S7TC",468295.4837,8345796.7668,1340.0906,0.625,0.165,1340.8806,"AGO","33S",TRUE
"ABG_1","P1","S8","T1","P1S8T1",468337.7379,8345796.6605,1342.3177,0.668,0.165,1343.1507,"AGO","33S",FALSE
"ABG_1","P1","S8","T2","P1S8T2",468335.5283,8345780.6026,1342.6243,0.677,0.165,1343.4663,"AGO","33S",FALSE
"ABG_1","P1","S8","TC","P1S8TC",468328.6327,8345787.4319,1342.1039,0.687,0.165,1342.9559,"AGO","33S",TRUE
"ABG_1","P1","S9","T1","P1S9T1",468367.4419,8345791.8414,1343.8633,0.693,0.165,1344.7213,"AGO","33S",FALSE
"ABG_1","P1","S9","T2","P1S9T2",468368.7658,8345773.2308,1344.2774,0.73,0.165,1345.1724,"AGO","33S",FALSE
"ABG_1","P1","S9","T3","P1S9T3",468350.223,8345782.2401,1343.1532,0.704,0.165,1344.0222,"AGO","33S",FALSE
"ABG_1","P1","S9","TC","P1S9TC",468361.3572,8345782.287,1343.6296,0.719,0.165,1344.5136,"AGO","33S",TRUE
"ABG_1","P1","S1","T1","P1S1T1",468316.2784,8345869.8028,1339.4341,0.712,0.165,1340.3111,"AGO","33S",FALSE
"ABG_1","P1","S1","T2","P1S1T2",468317.3114,8345856.4282,1339.9373,0.73,0.165,1340.8323,"AGO","33S",FALSE
"ABG_1","P1","S1","T3","P1S1T3",468303.2159,8345857.3446,1338.8573,0.75,0.165,1339.7723,"AGO","33S",FALSE
"ABG_1","P1","S1","T4","P1S1T4",468301.847,8345870.8118,1338.8784,0.753,0.165,1339.7964,"AGO","33S",FALSE
"ABG_1","P1","S1","TC","P1S1TC",468310.2134,8345863.7088,1338.5553,0.717,0.165,1339.4373,"AGO","33S",TRUE
"ABG_1","P1","S2","T1","P1S2T1",468355.5743,8345865.0676,1341.2754,0.66,0.165,1342.1004,"AGO","33S",FALSE
"ABG_1","P1","S2","T2","P1S2T2",468353.12,8345852.4165,1341.4915,0.705,0.165,1342.3615,"AGO","33S",FALSE
"ABG_1","P1","S2","T3","P1S2T3",468335.7584,8345856.2253,1340.5843,0.653,0.165,1341.4023,"AGO","33S",FALSE
"ABG_1","P1","S2","T4","P1S2T4",468335.7878,8345867.9374,1342.691,0.693,0.165,1343.549,"AGO","33S",FALSE
"ABG_1","P1","S2","TC","P1S2TC",468345.6081,8345859.8771,1340.82,0.734,0.165,1341.719,"AGO","33S",TRUE
"ABG_1","P1","S3","T1","P1S3T1",468386.8891,8345855.2966,1342.8634,0.705,0.165,1343.7334,"AGO","33S",FALSE
"ABG_1","P1","S3","T2","P1S3T2",468381.1719,8345847.4021,1342.8796,0.72,0.165,1343.7646,"AGO","33S",FALSE
"ABG_1","P1","S3","T3","P1S3T3",468369.4221,8345852.9655,1342.2211,0.686,0.165,1343.0721,"AGO","33S",FALSE
"ABG_1","P1","S3","TC","P1S3TC",468378.8348,8345855.4776,1342.6204,0.681,0.165,1343.4664,"AGO","33S",TRUE
"ABG_1","P1","S4","T1","P1S4T1",468374.4197,8345825.0618,1343.2002,0.634,0.165,1343.9992,"AGO","33S",FALSE
"ABG_1","P1","S4","T3","P1S4T3",468359.9857,8345815.349,1342.8543,0.68,0.165,1343.6993,"AGO","33S",FALSE
"ABG_1","P1","S4","T4","P1S4T4",468364.0093,8345827.4013,1342.7021,0.739,0.165,1343.6061,"AGO","33S",FALSE
"ABG_1","P1","S4","TC","P1S4TC",468367.2515,8345820.1157,1343.035,0.703,0.165,1343.903,"AGO","33S",TRUE
"ABG_1","P1","S5","T1","P1S5T1",468345.9821,8345827.5736,1341.8167,0.704,0.165,1342.6857,"AGO","33S",FALSE
"ABG_1","P1","S5","T2","P1S5T2",468342.2638,8345811.145,1342.135,0.726,0.165,1343.026,"AGO","33S",FALSE
"ABG_1","P1","S5","T3","P1S5T3",468330.3138,8345810.7507,1341.544,0.69,0.165,1342.399,"AGO","33S",FALSE
"ABG_1","P1","S5","T4","P1S5T4",468327.7586,8345827.2641,1341.0022,0.737,0.165,1341.9042,"AGO","33S",FALSE
"ABG_1","P1","S5","TC","P1S5TC",468335.8228,8345821.3345,1341.5984,0.725,0.165,1342.4884,"AGO","33S",TRUE
"ABG_1","P1","S6","T1","P1S6T1",468305.9517,8345838.4344,1339.7724,0.694,0.165,1340.6314,"AGO","33S",FALSE
"ABG_1","P1","S6","T2","P1S6T2",468308.4809,8345821.3082,1340.3521,0.709,0.165,1341.2261,"AGO","33S",FALSE
"ABG_1","P1","S6","T3","P1S6T3",468296.9025,8345822.564,1339.81,0.69,0.165,1340.665,"AGO","33S",FALSE
"ABG_1","P1","S6","TC","P1S6TC",468302.4722,8345830.5214,1339.8042,0.724,0.165,1340.6932,"AGO","33S",TRUE
"ABG_10","P10","S1","T1","P10S1T1",482594.9091,8330777.8445,1252.5483,0.647,0.165,1253.3603,"AGO","33S",FALSE
"ABG_10","P10","S1","T3","P10S1T3",482579.7535,8330759.0067,1251.0359,0.534,0.165,1251.7349,"AGO","33S",FALSE
"ABG_10","P10","S1","T4","P10S1T4",482580.0763,8330776.7055,1251.3806,0.635,0.165,1252.1806,"AGO","33S",FALSE
"ABG_10","P10","S1","TC","P10S1TC",482588.7108,8330767.2131,1251.7443,0.663,0.165,1252.5723,"AGO","33S",TRUE
"ABG_10","P10","S2","T1","P10S2T1",482620.5687,8330782.1617,1254.6229,0.655,0.165,1255.4429,"AGO","33S",FALSE
"ABG_10","P10","S2","T2","P10S2T2",482628.6217,8330772.0446,1255.0342,0.653,0.165,1255.8522,"AGO","33S",FALSE
"ABG_10","P10","S2","T3","P10S2T3",482619.2843,8330764.4631,1254.013,0.604,0.165,1254.782,"AGO","33S",FALSE
"ABG_10","P10","S2","T4","P10S2T4",482612.0217,8330777.4125,1253.7501,0.586,0.165,1254.5011,"AGO","33S",FALSE
"ABG_10","P10","S2","TC","P10S2TC",482622.2123,8330771.9397,1254.5341,0.61,0.165,1255.3091,"AGO","33S",TRUE
"ABG_10","P10","S3","T1","P10S3T1",482659.0122,8330784.6649,1258.0142,0.659,0.165,1258.8382,"AGO","33S",FALSE
"ABG_10","P10","S3","T2","P10S3T2",482663.8291,8330775.1567,1258.238,0.632,0.165,1259.035,"AGO","33S",FALSE
"ABG_10","P10","S3","T3","P10S3T3",482656.1135,8330767.0668,1257.3703,0.641,0.165,1258.1763,"AGO","33S",FALSE
"ABG_10","P10","S3","T4","P10S3T4",482649.9691,8330775.5564,1256.9816,0.585,0.165,1257.7316,"AGO","33S",FALSE
"ABG_10","P10","S3","TC","P10S3TC",482656.479,8330777.4569,1257.6852,0.637,0.165,1258.4872,"AGO","33S",TRUE
"ABG_10","P10","S4","T1","P10S4T1",482665.9473,8330751.3321,1257.6458,0.661,0.165,1258.4718,"AGO","33S",FALSE
"ABG_10","P10","S4","T2","P10S4T2",482670.8542,8330743.0062,1257.8938,0.692,0.165,1258.7508,"AGO","33S",FALSE
"ABG_10","P10","S4","T3","P10S4T3",482662.2571,8330741.3906,1257.0047,0.651,0.165,1257.8207,"AGO","33S",FALSE
"ABG_10","P10","S4","T4","P10S4T4",482658.4716,8330746.1598,1256.9025,0.652,0.165,1257.7195,"AGO","33S",FALSE
"ABG_10","P10","S4","TC","P10S4TC",482664.7881,8330743.7269,1257.2637,0.677,0.165,1258.1057,"AGO","33S",TRUE
"ABG_10","P10","S5","T2","P10S5T2",482641.2871,8330734.9279,1255.1382,0.605,0.165,1255.9082,"AGO","33S",FALSE
"ABG_10","P10","S5","T4","P10S5T4",482624.5415,8330746.1761,1254.0954,0.567,0.165,1254.8274,"AGO","33S",FALSE
"ABG_10","P10","S5","TC","P10S5TC",482630.2265,8330737.5805,1254.0918,0.736,0.165,1254.9928,"AGO","33S",TRUE
"ABG_10","P10","S6","T1","P10S6T1",482600.7969,8330738.03,1252.0334,0.595,0.165,1252.7934,"AGO","33S",FALSE
"ABG_10","P10","S6","T2","P10S6T2",482603.1786,8330725.6045,1251.845,0.6,0.165,1252.61,"AGO","33S",FALSE
"ABG_10","P10","S6","T3","P10S6T3",482594.018,8330725.5588,1251.1629,0.62,0.165,1251.9479,"AGO","33S",FALSE
"ABG_10","P10","S6","T4","P10S6T4",482588.8943,8330734.966,1251.1163,0.594,0.165,1251.8753,"AGO","33S",FALSE
"ABG_10","P10","S7","T1","P10S7T1",482609.8204,8330705.5128,1251.541,0.685,0.165,1252.391,"AGO","33S",FALSE
"ABG_10","P10","S7","T2","P10S7T2",482614.4611,8330694.4295,1251.4335,0.645,0.165,1252.2435,"AGO","33S",FALSE
"ABG_10","P10","S7","T3","P10S7T3",482600.6835,8330689.4866,1250.4659,0.584,0.165,1251.2149,"AGO","33S",FALSE
"ABG_10","P10","S7","T4","P10S7T4",482597.4304,8330704.7199,1250.7308,0.64,0.165,1251.5358,"AGO","33S",FALSE
"ABG_10","P10","S8","T1","P10S8T1",482637.4957,8330709.8924,1253.8872,0.645,0.165,1254.6972,"AGO","33S",FALSE
"ABG_10","P10","S8","T2","P10S8T2",482646.2643,8330700.2226,1254.6934,0.624,0.165,1255.4824,"AGO","33S",FALSE
"ABG_10","P10","S8","T3","P10S8T3",482639.1137,8330696.6888,1252.9396,0.528,0.165,1253.6326,"AGO","33S",FALSE
"ABG_10","P10","S8","T4","P10S8T4",482635.2405,8330700.5666,1253.696,0.656,0.165,1254.517,"AGO","33S",FALSE
"ABG_10","P10","S8","TC","P10S8TC",482638.2213,8330704.022,1253.2753,0.579,0.165,1254.0193,"AGO","33S",TRUE
"ABG_10","P10","S9","T1","P10S9T1",482676.2946,8330717.2783,1258.0788,0.623,0.165,1258.8668,"AGO","33S",FALSE
"ABG_10","P10","S9","T2","P10S9T2",482680.1478,8330704.2777,1258.1691,0.53,0.165,1258.8641,"AGO","33S",FALSE
"ABG_10","P10","S9","T3","P10S9T3",482672.2713,8330700.2639,1257.2319,0.65,0.165,1258.0469,"AGO","33S",FALSE
"ABG_10","P10","S9","T4","P10S9T4",482667.2493,8330711.1756,1257.0077,0.625,0.165,1257.7977,"AGO","33S",FALSE
"ABG_10","P10","S9","TC","P10S9TC",482672.7935,8330709.7407,1257.4088,0.587,0.165,1258.1608,"AGO","33S",TRUE
"ABG_11","P11","S1","T1","P11S1T1",488585.3056,8335295.013,1286.6436,0.637,0.165,1287.4456,"AGO","33S",FALSE
"ABG_11","P11","S1","T3","P11S1T3",488570.0228,8335305.1777,1287.1709,0.604,0.165,1287.9399,"AGO","33S",FALSE
"ABG_11","P11","S1","TC","P11S1TC",488576.9831,8335301.2718,1286.9555,0.561,0.165,1287.6815,"AGO","33S",TRUE
"ABG_11","P11","S2","T2","P11S2T2",488571.0932,8335259.2652,1287.2438,0.587,0.165,1287.9958,"AGO","33S",FALSE
"ABG_11","P11","S2","T4","P11S2T4",488573.0183,8335277.2304,1287.1013,0.65,0.165,1287.9163,"AGO","33S",FALSE
"ABG_11","P11","S2","TC","P11S2TC",488577.6931,8335264.7737,1287.089,0.611,0.165,1287.865,"AGO","33S",TRUE
"ABG_11","P11","S3","T1","P11S3T1",488582.6684,8335221.633,1286.899,0.607,0.165,1287.671,"AGO","33S",FALSE
"ABG_11","P11","S3","T3","P11S3T3",488574.5955,8335237.9294,1287.1865,0.65,0.165,1288.0015,"AGO","33S",FALSE
"ABG_11","P11","S3","T4","P11S3T4",488580.0268,8335239.4066,1287.0161,0.571,0.165,1287.7521,"AGO","33S",FALSE
"ABG_13","P13","S1","T1","P13S1T1",480393.6616,8319795.6856,1246.2659,0.52,0.165,1246.9509,"AGO","33S",FALSE
"ABG_13","P13","S1","T2","P13S1T2",480392.2256,8319786.2811,1246.04,0.566,0.165,1246.771,"AGO","33S",FALSE
"ABG_13","P13","S1","T3","P13S1T3",480378.978,8319792.9999,1245.6761,0.609,0.165,1246.4501,"AGO","33S",FALSE
"ABG_13","P13","S1","T4","P13S1T4",480382.4125,8319799.4535,1245.9303,0.555,0.165,1246.6503,"AGO","33S",FALSE
"ABG_13","P13","S2","T1","P13S2T1",480422.7727,8319785.4551,1246.9931,0.523,0.165,1247.6811,"AGO","33S",FALSE
"ABG_13","P13","S2","T2","P13S2T2",480420.6441,8319771.6419,1246.7164,0.548,0.165,1247.4294,"AGO","33S",FALSE
"ABG_13","P13","S2","T4","P13S2T4",480415.3751,8319788.5924,1246.7742,0.582,0.165,1247.5212,"AGO","33S",FALSE
"ABG_13","P13","S3","T1","P13S3T1",480459.5497,8319774.5682,1247.8034,0.605,0.165,1248.5734,"AGO","33S",FALSE
"ABG_13","P13","S3","T2","P13S3T2",480454.4272,8319759.3583,1247.4436,0.534,0.165,1248.1426,"AGO","33S",FALSE
"ABG_13","P13","S3","T3","P13S3T3",480445.4854,8319764.5724,1247.3468,0.58,0.165,1248.0918,"AGO","33S",FALSE
"ABG_13","P13","S3","T4","P13S3T4",480447.12,8319778.4403,1247.5556,0.593,0.165,1248.3136,"AGO","33S",FALSE
"ABG_13","P13","S3","TC","P13S3TC",480451.678,8319767.8226,1247.5457,0.629,0.165,1248.3397,"AGO","33S",TRUE
"ABG_13","P13","S4","T1","P13S4T1",480447.7066,8319739.4305,1247.0214,0.584,0.165,1247.7704,"AGO","33S",FALSE
"ABG_13","P13","S4","T2","P13S4T2",480448.1912,8319727.7667,1246.5522,0.605,0.165,1247.3222,"AGO","33S",FALSE
"ABG_13","P13","S4","T3","P13S4T3",480436.4416,8319730.6541,1246.3812,0.57,0.165,1247.1162,"AGO","33S",FALSE
"ABG_13","P13","S4","T4","P13S4T4",480439.3451,8319739.3035,1246.7361,0.656,0.165,1247.5571,"AGO","33S",FALSE
"ABG_13","P13","S5","T1","P13S5T1",480418.0256,8319748.3183,1246.1737,0.582,0.165,1246.9207,"AGO","33S",FALSE
"ABG_13","P13","S5","T2","P13S5T2",480415.2265,8319735.233,1245.7803,0.606,0.165,1246.5513,"AGO","33S",FALSE
"ABG_13","P13","S5","T3","P13S5T3",480399.8102,8319736.0089,1245.3499,0.632,0.165,1246.1469,"AGO","33S",FALSE
"ABG_13","P13","S5","T4","P13S5T4",480401.5856,8319749.073,1245.7295,0.587,0.165,1246.4815,"AGO","33S",FALSE
"ABG_13","P13","S5","TC","P13S5TC",480409.3461,8319744.796,1245.8051,0.608,0.165,1246.5781,"AGO","33S",TRUE
"ABG_13","P13","S6","T1","P13S6T1",480388.7475,8319759.4094,1245.4014,0.609,0.165,1246.1754,"AGO","33S",FALSE
"ABG_13","P13","S6","T2","P13S6T2",480386.7899,8319748.1658,1245.2417,0.563,0.165,1245.9697,"AGO","33S",FALSE
"ABG_13","P13","S6","T3","P13S6T3",480367.9997,8319755.3448,1244.5924,0.662,0.165,1245.4194,"AGO","33S",FALSE
"ABG_13","P13","S6","T4","P13S6T4",480371.8456,8319761.9885,1244.881,0.642,0.165,1245.688,"AGO","33S",FALSE
"ABG_13","P13","S6","TC","P13S6TC",480379.2093,8319756.9171,1245.0357,0.615,0.165,1245.8157,"AGO","33S",TRUE
"ABG_13","P13","S7","T1","P13S7T1",480377.6068,8319727.9267,1244.2804,0.614,0.165,1245.0594,"AGO","33S",FALSE
"ABG_13","P13","S7","T2","P13S7T2",480374.8919,8319714.8682,1243.5366,0.656,0.165,1244.3576,"AGO","33S",FALSE
"ABG_13","P13","S7","T3","P13S7T3",480360.5979,8319724.4934,1243.2573,0.608,0.165,1244.0303,"AGO","33S",FALSE
"ABG_13","P13","S7","T4","P13S7T4",480366.7784,8319730.9664,1244.0262,0.648,0.165,1244.8392,"AGO","33S",FALSE
"ABG_13","P13","S8","T1","P13S8T1",480408.9579,8319712.8126,1244.9807,0.616,0.165,1245.7617,"AGO","33S",FALSE
"ABG_13","P13","S8","T2","P13S8T2",480405.4547,8319702.5372,1244.5482,0.636,0.165,1245.3492,"AGO","33S",FALSE
"ABG_13","P13","S8","T3","P13S8T3",480396.1052,8319707.4498,1244.2678,0.661,0.165,1245.0938,"AGO","33S",FALSE
"ABG_13","P13","S8","T4","P13S8T4",480395.9359,8319715.2503,1244.5104,0.654,0.165,1245.3294,"AGO","33S",FALSE
"ABG_13","P13","S9","T1","P13S9T1",480444.3555,8319706.5319,1245.9744,0.68,0.165,1246.8194,"AGO","33S",FALSE
"ABG_13","P13","S9","T2","P13S9T2",480439.7529,8319691.184,1245.3822,0.645,0.165,1246.1922,"AGO","33S",FALSE
"ABG_13","P13","S9","T3","P13S9T3",480424.2785,8319694.094,1244.856,0.658,0.165,1245.679,"AGO","33S",FALSE
"ABG_13","P13","S9","T4","P13S9T4",480428.4183,8319707.975,1245.5095,0.61,0.165,1246.2845,"AGO","33S",FALSE
"ABG_13","P13","S9","TC","P13S9TC",480434.3235,8319700.3267,1245.6244,0.676,0.165,1246.4654,"AGO","33S",TRUE
"ABG_15","P15","S1","T1","P15S1T1",470081.0869,8326963.2075,1283.521,0.656,0.165,1284.342,"AGO","33S",FALSE
"ABG_15","P15","S1","T2","P15S1T2",470079.8893,8326949.9158,1283.8969,0.64,0.165,1284.7019,"AGO","33S",FALSE
"ABG_15","P15","S1","T3","P15S1T3",470068.5196,8326952.6625,1283.7546,0.69,0.165,1284.6096,"AGO","33S",FALSE
"ABG_15","P15","S1","T4","P15S1T4",470070.4136,8326965.7935,1283.3715,0.691,0.165,1284.2275,"AGO","33S",FALSE
"ABG_15","P15","S2","T1","P15S2T1",470115.5989,8326963.2576,1283.6996,0.687,0.165,1284.5516,"AGO","33S",FALSE
"ABG_15","P15","S2","T2","P15S2T2",470119.0093,8326949.7027,1284.0341,0.686,0.165,1284.8851,"AGO","33S",FALSE
"ABG_15","P15","S2","T3","P15S2T3",470098.2735,8326953.3173,1284.1476,1.437,0.165,1285.7496,"AGO","33S",FALSE
"ABG_15","P15","S2","T4","P15S2T4",470103.2397,8326962.7881,1283.6238,0.653,0.165,1284.4418,"AGO","33S",FALSE
"ABG_15","P15","S2","TC","P15S2TC",470109.9444,8326956.3883,1283.9006,0.576,0.165,1284.6416,"AGO","33S",TRUE
"ABG_15","P15","S3","T1","P15S3T1",470149.1317,8326959.4271,1283.3826,0.709,0.165,1284.2566,"AGO","33S",FALSE
"ABG_15","P15","S3","T2","P15S3T2",470146.262,8326946.0522,1284.3172,0.626,0.165,1285.1082,"AGO","33S",FALSE
"ABG_15","P15","S3","T3","P15S3T3",470138.4257,8326948.2752,1284.6632,0.667,0.165,1285.4952,"AGO","33S",FALSE
"ABG_15","P15","S3","T4","P15S3T4",470139.6124,8326959.2028,1284.3715,0.739,0.165,1285.2755,"AGO","33S",FALSE
"ABG_15","P15","S4","T1","P15S4T1",470142.9378,8326922.6322,1284.9581,0.641,0.165,1285.7641,"AGO","33S",FALSE
"ABG_15","P15","S4","T3","P15S4T3",470128.1258,8326914.0871,1285.1364,0.684,0.165,1285.9854,"AGO","33S",FALSE
"ABG_15","P15","S4","TC","P15S4TC",470136.7667,8326919.0317,1285.0829,0.673,0.165,1285.9209,"AGO","33S",TRUE
"ABG_15","P15","S5","T2","P15S5T2",470107.8549,8326914.2499,1285.032,0.672,0.165,1285.869,"AGO","33S",FALSE
"ABG_15","P15","S5","T3","P15S5T3",470095.8673,8326916.3636,1284.8906,0.679,0.165,1285.7346,"AGO","33S",FALSE
"ABG_15","P15","S5","T4","P15S5T4",470096.8112,8326927.4368,1284.5724,0.64,0.165,1285.3774,"AGO","33S",FALSE
"ABG_15","P15","S6","T1","P15S6T1",470071.2875,8326931.3418,1284.4852,1.215,0.165,1285.8652,"AGO","33S",FALSE
"ABG_15","P15","S6","T2","P15S6T2",470075.5916,8326917.6537,1284.7959,0.679,0.165,1285.6399,"AGO","33S",FALSE
"ABG_15","P15","S6","T3","P15S6T3",470060.6091,8326917.0307,1284.7698,0.691,0.165,1285.6258,"AGO","33S",FALSE
"ABG_15","P15","S6","T4","P15S6T4",470063.0679,8326930.6269,1284.3187,0.694,0.165,1285.1777,"AGO","33S",FALSE
"ABG_15","P15","S6","TC","P15S6TC",470067.3853,8326924.2004,1284.6418,0.695,0.165,1285.5018,"AGO","33S",TRUE
"ABG_15","P15","S7","T1","P15S7T1",470066.9834,8326893.5967,1285.477,0.688,0.165,1286.33,"AGO","33S",FALSE
"ABG_15","P15","S7","T2","P15S7T2",470064.4114,8326881.4792,1285.6643,0.744,0.165,1286.5733,"AGO","33S",FALSE
"ABG_15","P15","S7","T3","P15S7T3",470053.0841,8326882.3323,1285.6914,0.744,0.165,1286.6004,"AGO","33S",FALSE
"ABG_15","P15","S7","T4","P15S7T4",470054.3222,8326895.422,1285.3199,0.715,0.165,1286.1999,"AGO","33S",FALSE
"ABG_15","P15","S8","T2","P15S8T2",470101.0131,8326880.801,1285.8446,0.684,0.165,1286.6936,"AGO","33S",FALSE
"ABG_15","P15","S8","T3","P15S8T3",470089.7356,8326884.1452,1285.7636,0.679,0.165,1286.6076,"AGO","33S",FALSE
"ABG_15","P15","S8","T4","P15S8T4",470089.8234,8326892.3853,1285.6688,0.682,0.165,1286.5158,"AGO","33S",FALSE
"ABG_15","P15","S9","T1","P15S9T1",470136.1982,8326886.8421,1285.8921,0.696,0.165,1286.7531,"AGO","33S",FALSE
"ABG_15","P15","S9","T2","P15S9T2",470129.7648,8326876.6815,1286.4827,0.72,0.165,1287.3677,"AGO","33S",FALSE
"ABG_15","P15","S9","T3","P15S9T3",470120.6406,8326879.2427,1286.1875,0.696,0.165,1287.0485,"AGO","33S",FALSE
"ABG_15","P15","S9","T4","P15S9T4",470125.5868,8326888.1297,1285.9048,0.66,0.165,1286.7298,"AGO","33S",FALSE
"ABG_2","P2","S1","T2","P2S1T2",480007.4293,8329106.3849,1258.517,0.619,0.165,1259.301,"AGO","33S",FALSE
"ABG_2","P2","S1","T3","P2S1T3",479998.1233,8329114.3552,1258.0444,0.634,0.165,1258.8434,"AGO","33S",FALSE
"ABG_2","P2","S1","T4","P2S1T4",480006.9481,8329125.6977,1257.8319,0.639,0.165,1258.6359,"AGO","33S",FALSE
"ABG_2","P2","S1","TC","P2S1TC",480006.1567,8329114.5626,1259.0188,0.639,0.165,1259.8228,"AGO","33S",TRUE
"ABG_2","P2","S2","T1","P2S2T1",480033.1989,8329091.638,1259.3286,0.594,0.165,1260.0876,"AGO","33S",FALSE
"ABG_2","P2","S2","T2","P2S2T2",480025.2881,8329083.2,1259.4687,0.575,0.165,1260.2087,"AGO","33S",FALSE
"ABG_2","P2","S2","T4","P2S2T4",480024.4441,8329097.9394,1259.0233,0.625,0.165,1259.8133,"AGO","33S",FALSE
"ABG_2","P2","S2","TC","P2S2TC",480026.0443,8329089.4908,1259.2725,0.59,0.165,1260.0275,"AGO","33S",TRUE
"ABG_2","P2","S3","T1","P2S3T1",480056.2853,8329060.1465,1260.4455,0.631,0.165,1261.2415,"AGO","33S",FALSE
"ABG_2","P2","S3","T2","P2S3T2",480045.4465,8329057.3817,1260.3951,0.693,0.165,1261.2531,"AGO","33S",FALSE
"ABG_2","P2","S3","T3","P2S3T3",480041.7366,8329062.4146,1260.2749,0.663,0.165,1261.1029,"AGO","33S",FALSE
"ABG_2","P2","S3","T4","P2S3T4",480047.3842,8329069.5656,1260.1327,0.566,0.165,1260.8637,"AGO","33S",FALSE
"ABG_2","P2","S3","TC","P2S3TC",480049.1481,8329062.0629,1260.3732,0.605,0.165,1261.1432,"AGO","33S",TRUE
"ABG_2","P2","S4","T1","P2S4T1",480029.6907,8329037.5908,1260.756,0.64,0.165,1261.561,"AGO","33S",FALSE
"ABG_2","P2","S4","T2","P2S4T2",480019.9647,8329028.5343,1260.8746,0.607,0.165,1261.6466,"AGO","33S",FALSE
"ABG_2","P2","S4","T3","P2S4T3",480018.0489,8329041.7633,1260.5249,0.668,0.165,1261.3579,"AGO","33S",FALSE
"ABG_2","P2","S4","T4","P2S4T4",480023.8705,8329043.1911,1260.5177,0.611,0.165,1261.2937,"AGO","33S",FALSE
"ABG_2","P2","S4","TC","P2S4TC",480024.5504,8329037.5516,1260.7095,0.625,0.165,1261.4995,"AGO","33S",TRUE
"ABG_2","P2","S5","T1","P2S5T1",480012.2514,8329064.5124,1259.9007,0.609,0.165,1260.6747,"AGO","33S",FALSE
"ABG_2","P2","S5","T2","P2S5T2",480003.3428,8329058.414,1259.8521,0.672,0.165,1260.6891,"AGO","33S",FALSE
"ABG_2","P2","S5","T3","P2S5T3",479992.9388,8329068.0873,1259.4389,0.587,0.165,1260.1909,"AGO","33S",FALSE
"ABG_2","P2","S5","T4","P2S5T4",480000.8747,8329076.4214,1259.4603,0.551,0.165,1260.1763,"AGO","33S",FALSE
"ABG_2","P2","S5","TC","P2S5TC",480002.1317,8329067.7773,1259.5707,0.585,0.165,1260.3207,"AGO","33S",TRUE
"ABG_2","P2","S6","T1","P2S6T1",479989.5371,8329091.843,1258.6468,0.677,0.165,1259.4888,"AGO","33S",FALSE
"ABG_2","P2","S6","T2","P2S6T2",479981.6305,8329080.6498,1258.9212,0.624,0.165,1259.7102,"AGO","33S",FALSE
"ABG_2","P2","S6","T3","P2S6T3",479970.4127,8329091.1061,1258.3881,0.66,0.165,1259.2131,"AGO","33S",FALSE
"ABG_2","P2","S6","TC","P2S6TC",479980.5482,8329090.8218,1258.6073,0.692,0.165,1259.4643,"AGO","33S",TRUE
"ABG_2","P2","S7","T1","P2S7T1",479964.33,8329064.28,1259.2237,0.644,0.165,1260.0327,"AGO","33S",FALSE
"ABG_2","P2","S7","T2","P2S7T2",479956.7869,8329060.8979,1259.2117,0.641,0.165,1260.0177,"AGO","33S",FALSE
"ABG_2","P2","S7","T3","P2S7T3",479947.1594,8329067.8423,1258.8413,0.63,0.165,1259.6363,"AGO","33S",FALSE
"ABG_2","P2","S7","T4","P2S7T4",479958.3773,8329079.0832,1258.5508,0.654,0.165,1259.3698,"AGO","33S",FALSE
"ABG_2","P2","S7","TC","P2S7TC",479954.6792,8329066.784,1259.0135,0.719,0.165,1259.8975,"AGO","33S",TRUE
"ABG_2","P2","S8","T2","P2S8T2",479976.7442,8329034.8484,1260.2852,0.64,0.165,1261.0902,"AGO","33S",FALSE
"ABG_2","P2","S8","T3","P2S8T3",479968.1033,8329047.1981,1259.757,0.643,0.165,1260.565,"AGO","33S",FALSE
"ABG_2","P2","S8","T4","P2S8T4",479980.8455,8329052.0173,1259.7343,0.676,0.165,1260.5753,"AGO","33S",FALSE
"ABG_2","P2","S8","TC","P2S8TC",479977.3494,8329042.435,1259.9864,0.645,0.165,1260.7964,"AGO","33S",TRUE
"ABG_2","P2","S9","T1","P2S9T1",480006.917,8329021.5923,1260.944,0.629,0.165,1261.738,"AGO","33S",FALSE
"ABG_2","P2","S9","T2","P2S9T2",480004.972,8329013.1652,1261.1079,0.65,0.165,1261.9229,"AGO","33S",FALSE
"ABG_2","P2","S9","T3","P2S9T3",479994.7463,8329015.3492,1260.9611,0.69,0.165,1261.8161,"AGO","33S",FALSE
"ABG_2","P2","S9","T4","P2S9T4",479999.7345,8329026.6482,1260.6734,0.666,0.165,1261.5044,"AGO","33S",FALSE
"ABG_2","P2","S9","TC","P2S9TC",479999.4524,8329015.2754,1261.0396,0.56,0.165,1261.7646,"AGO","33S",TRUE
"ABG_3","P3","S9","T3","P3S9T3",489394.4442,8320242.2048,1223.8633,0.723,0.165,1224.7513,"AGO","33S",FALSE
"ABG_3","P3","S9","T4","P3S9T4",489393.3018,8320254.9449,1224.3918,0.662,0.165,1225.2188,"AGO","33S",FALSE
"ABG_4","P4","S1","T1","P4S1T1",492039.8735,8323677.0319,1224.4733,0.643,0.165,1225.2813,"AGO","33S",FALSE
"ABG_4","P4","S1","T2","P4S1T2",492041.0959,8323669.5607,1224.6589,0.61,0.165,1225.4339,"AGO","33S",FALSE
"ABG_4","P4","S1","T3","P4S1T3",492031.6213,8323663.0449,1224.2187,0.661,0.165,1225.0447,"AGO","33S",FALSE
"ABG_4","P4","S1","T4","P4S1T4",492030.7355,8323673.7502,1224.0543,0.658,0.165,1224.8773,"AGO","33S",FALSE
"ABG_4","P4","S1","TC","P4S1TC",492037.5769,8323667.9867,1224.5184,0.666,0.165,1225.3494,"AGO","33S",TRUE
"ABG_4","P4","S2","T2","P4S2T2",492078.8892,8323669.6278,1226.3527,0.596,0.165,1227.1137,"AGO","33S",FALSE
"ABG_4","P4","S2","T4","P4S2T4",492063.5965,8323684.2396,1225.5802,0.61,0.165,1226.3552,"AGO","33S",FALSE
"ABG_4","P4","S2","TC","P4S2TC",492072.5446,8323676.6475,1226.1138,0.605,0.165,1226.8838,"AGO","33S",TRUE
"ABG_4","P4","S3","T1","P4S3T1",492109.5452,8323690.996,1227.8001,0.63,0.165,1228.5951,"AGO","33S",FALSE
"ABG_4","P4","S3","T2","P4S3T2",492110.4364,8323676.8452,1227.8692,0.652,0.165,1228.6862,"AGO","33S",FALSE
"ABG_4","P4","S3","T3","P4S3T3",492100.9542,8323676.9179,1227.3653,0.643,0.165,1228.1733,"AGO","33S",FALSE
"ABG_4","P4","S3","T4","P4S3T4",492095.8153,8323688.7849,1227.1315,0.632,0.165,1227.9285,"AGO","33S",FALSE
"ABG_4","P4","S4","T1","P4S4T1",492117.3375,8323660.32,1228.3819,0.601,0.165,1229.1479,"AGO","33S",FALSE
"ABG_4","P4","S4","T2","P4S4T2",492122.6376,8323651.2046,1228.4188,0.651,0.165,1229.2348,"AGO","33S",FALSE
"ABG_4","P4","S4","T3","P4S4T3",492111.6192,8323644.2658,1228.0069,0.662,0.165,1228.8339,"AGO","33S",FALSE
"ABG_4","P4","S4","T4","P4S4T4",492106.8909,8323656.5526,1227.7282,0.655,0.165,1228.5482,"AGO","33S",FALSE
"ABG_4","P4","S4","TC","P4S4TC",492115.0605,8323651.4767,1228.0949,0.649,0.165,1228.9089,"AGO","33S",TRUE
"ABG_4","P4","S5","T1","P4S5T1",492088.6794,8323652.8228,1226.9305,0.665,0.165,1227.7605,"AGO","33S",FALSE
"ABG_4","P4","S5","T2","P4S5T2",492090.6797,8323636.4908,1227.1351,0.684,0.165,1227.9841,"AGO","33S",FALSE
"ABG_4","P4","S5","T3","P4S5T3",492076.7321,8323633.0343,1226.5627,0.692,0.165,1227.4197,"AGO","33S",FALSE
"ABG_4","P4","S5","T4","P4S5T4",492075.4131,8323651.3269,1226.4112,0.671,0.165,1227.2472,"AGO","33S",FALSE
"ABG_4","P4","S5","TC","P4S5TC",492081.9921,8323643.732,1226.7766,0.665,0.165,1227.6066,"AGO","33S",TRUE
"ABG_4","P4","S6","T1","P4S6T1",492051.7865,8323640.4913,1225.4946,0.6,0.165,1226.2596,"AGO","33S",FALSE
"ABG_4","P4","S6","T2","P4S6T2",492053.1058,8323626.2003,1224.813,0.643,0.165,1225.621,"AGO","33S",FALSE
"ABG_4","P4","S6","T3","P4S6T3",492040.3213,8323623.9903,1228.4269,0.638,0.165,1229.2299,"AGO","33S",FALSE
"ABG_4","P4","S6","T4","P4S6T4",492035.9461,8323640.1051,1225.8966,0.61,0.165,1226.6716,"AGO","33S",FALSE
"ABG_4","P4","S6","TC","P4S6TC",492046.382,8323632.4848,1225.4001,0.601,0.165,1226.1661,"AGO","33S",TRUE
"ABG_4","P4","S7","T1","P4S7T1",492062.0376,8323608.4278,1226.1854,0.629,0.165,1226.9794,"AGO","33S",FALSE
"ABG_4","P4","S7","T2","P4S7T2",492066.4038,8323593.9848,1226.4798,0.675,0.165,1227.3198,"AGO","33S",FALSE
"ABG_4","P4","S7","T3","P4S7T3",492051.2248,8323593.7308,1225.9863,0.695,0.165,1226.8463,"AGO","33S",FALSE
"ABG_4","P4","S7","T4","P4S7T4",492051.0986,8323609.9371,1225.8589,0.702,0.165,1226.7259,"AGO","33S",FALSE
"ABG_4","P4","S7","TC","P4S7TC",492054.6417,8323601.036,1225.9995,0.683,0.165,1226.8475,"AGO","33S",TRUE
"ABG_4","P4","S8","T1","P4S8T1",492093.5985,8323617.2188,1227.4061,0.731,0.165,1228.3021,"AGO","33S",FALSE
"ABG_4","P4","S8","T2","P4S8T2",492095.0894,8323607.6953,1227.5034,0.611,0.165,1228.2794,"AGO","33S",FALSE
"ABG_4","P4","S8","T3","P4S8T3",492080.5089,8323606.986,1226.9638,0.7,0.165,1227.8288,"AGO","33S",FALSE
"ABG_4","P4","S8","T4","P4S8T4",492083.8697,8323615.2707,1226.9419,0.732,0.165,1227.8389,"AGO","33S",FALSE
"ABG_4","P4","S9","T1","P4S9T1",492125.984,8323624.2734,1228.594,0.653,0.165,1229.412,"AGO","33S",FALSE
"ABG_4","P4","S9","T2","P4S9T2",492130.6675,8323613.7507,1228.8074,0.608,0.165,1229.5804,"AGO","33S",FALSE
"ABG_4","P4","S9","T3","P4S9T3",492116.8982,8323611.2888,1228.2182,0.67,0.165,1229.0532,"AGO","33S",FALSE
"ABG_5","P5","S4","T1","P5S4T1",475383.4992,8327824.1053,1265.9651,0.759,0.165,1266.8891,"AGO","33S",FALSE
"ABG_5","P5","S4","T2","P5S4T2",475391.696,8327813.4774,1265.5743,0.673,0.165,1266.4123,"AGO","33S",FALSE
"ABG_5","P5","S4","T3","P5S4T3",475374.8661,8327802.5153,1265.138,0.786,0.165,1266.089,"AGO","33S",FALSE
"ABG_5","P5","S4","T4","P5S4T4",475371.7324,8327813.8532,1265.5349,0.746,0.165,1266.4459,"AGO","33S",FALSE
"ABG_5","P5","S4","TC","P5S4TC",475380.8654,8327813.4484,1265.5652,0.725,0.165,1266.4552,"AGO","33S",TRUE
"ABG_5","P5","S5","T1","P5S5T1",475362.9011,8327797.5906,1264.8394,0.785,0.165,1265.7894,"AGO","33S",FALSE
"ABG_5","P5","S5","T2","P5S5T2",475355.5076,8327785.8098,1264.3388,0.75,0.165,1265.2538,"AGO","33S",FALSE
"ABG_5","P5","S5","T3","P5S5T3",475345.2895,8327786.0922,1264.4379,0.792,0.165,1265.3949,"AGO","33S",FALSE
"ABG_5","P5","S5","T4","P5S5T4",475340.5959,8327796.5142,1264.6042,0.722,0.165,1265.4912,"AGO","33S",FALSE
"ABG_5","P5","S5","TC","P5S5TC",475350.1126,8327798.1382,1264.9831,0.765,0.165,1265.9131,"AGO","33S",TRUE
"ABG_5","P5","S1","T1","P5S1T1",475305.3938,8327813.7666,1264.7015,0.752,0.165,1265.6185,"AGO","33S",FALSE
"ABG_5","P5","S1","T2","P5S1T2",475309.3154,8327800.1818,1263.9562,0.787,0.165,1264.9082,"AGO","33S",FALSE
"ABG_5","P5","S1","T3","P5S1T3",475298.9907,8327794.8421,1263.6489,0.734,0.165,1264.5479,"AGO","33S",FALSE
"ABG_5","P5","S1","T4","P5S1T4",475294.4751,8327811.4877,1264.1902,0.75,0.165,1265.1052,"AGO","33S",FALSE
"ABG_5","P5","S1","TC","P5S1TC",475300.7456,8327805.1831,1264.0943,0.765,0.165,1265.0243,"AGO","33S",TRUE
"ABG_5","P5","S2","T1","P5S2T1",475333.6606,8327831.8059,1267.4787,0.751,0.165,1268.3947,"AGO","33S",FALSE
"ABG_5","P5","S2","T2","P5S2T2",475335.7625,8327817.7467,1265.552,0.751,0.165,1266.468,"AGO","33S",FALSE
"ABG_5","P5","S2","T3","P5S2T3",475325.381,8327813.136,1265.2982,0.781,0.165,1266.2442,"AGO","33S",FALSE
"ABG_5","P5","S2","T4","P5S2T4",475319.1792,8327832.5733,1265.5288,0.781,0.165,1266.4748,"AGO","33S",FALSE
"ABG_5","P5","S2","TC","P5S2TC",475330.6681,8327826.3179,1267.3743,0.745,0.165,1268.2843,"AGO","33S",TRUE
"ABG_5","P5","S3","T1","P5S3T1",475352.4924,8327850.9786,1267.4155,0.795,0.165,1268.3755,"AGO","33S",FALSE
"ABG_5","P5","S3","T2","P5S3T2",475369.6597,8327848.1769,1267.0824,0.757,0.165,1268.0044,"AGO","33S",FALSE
"ABG_5","P5","S3","T3","P5S3T3",475366.8521,8327837.6456,1266.7562,0.691,0.165,1267.6122,"AGO","33S",FALSE
"ABG_5","P5","S3","T4","P5S3T4",475349.0454,8327838.1984,1266.657,0.73,0.165,1267.552,"AGO","33S",FALSE
"ABG_5","P5","S3","TC","P5S3TC",475361.301,8327842.8702,1267.2262,0.739,0.165,1268.1302,"AGO","33S",TRUE
"ABG_5","P5","S6","T1","P5S6T1",475330.0311,8327778.7432,1263.5823,0.741,0.165,1264.4883,"AGO","33S",FALSE
"ABG_5","P5","S6","T2","P5S6T2",475328.2811,8327770.8186,1263.1168,0.762,0.165,1264.0438,"AGO","33S",FALSE
"ABG_5","P5","S6","T3","P5S6T3",475312.6054,8327774.1443,1263.0793,0.77,0.165,1264.0143,"AGO","33S",FALSE
"ABG_5","P5","S6","T4","P5S6T4",475316.2801,8327786.8074,1263.5834,0.762,0.165,1264.5104,"AGO","33S",FALSE
"ABG_5","P5","S6","TC","P5S6TC",475320.2271,8327776.0119,1263.1913,0.764,0.165,1264.1203,"AGO","33S",TRUE
"ABG_5","P5","S7","T1","P5S7T1",475345.0677,8327754.651,1262.5577,0.739,0.165,1263.4617,"AGO","33S",FALSE
"ABG_5","P5","S7","T2","P5S7T2",475349.5359,8327740.0156,1261.9088,0.761,0.165,1262.8348,"AGO","33S",FALSE
"ABG_5","P5","S7","T3","P5S7T3",475337.458,8327733.8226,1261.4249,0.785,0.165,1262.3749,"AGO","33S",FALSE
"ABG_5","P5","S7","T4","P5S7T4",475325.0335,8327745.6062,1261.8184,0.691,0.165,1262.6744,"AGO","33S",FALSE
"ABG_5","P5","S7","TC","P5S7TC",475338.4341,8327746.1976,1262.061,0.737,0.165,1262.963,"AGO","33S",TRUE
"ABG_5","P5","S8","T1","P5S8T1",475370.3391,8327775.476,1263.7844,0.755,0.165,1264.7044,"AGO","33S",FALSE
"ABG_5","P5","S8","T2","P5S8T2",475381.6823,8327769.4514,1263.504,0.824,0.165,1264.493,"AGO","33S",FALSE
"ABG_5","P5","S8","T3","P5S8T3",475360.1339,8327758.2321,1262.8605,0.758,0.165,1263.7835,"AGO","33S",FALSE
"ABG_5","P5","S8","T4","P5S8T4",475355.452,8327767.4291,1263.2861,0.772,0.165,1264.2231,"AGO","33S",FALSE
"ABG_5","P5","S8","TC","P5S8TC",475370.8526,8327764.8044,1263.2694,0.782,0.165,1264.2164,"AGO","33S",TRUE
"ABG_5","P5","S9","T1","P5S9T1",475403.4598,8327786.5163,1264.2589,0.721,0.165,1265.1449,"AGO","33S",FALSE
"ABG_5","P5","S9","T2","P5S9T2",475409.7378,8327783.211,1263.9983,0.722,0.165,1264.8853,"AGO","33S",FALSE
"ABG_5","P5","S9","T3","P5S9T3",475388.903,8327774.2561,1263.7413,0.802,0.165,1264.7083,"AGO","33S",FALSE
"ABG_5","P5","S9","T4","P5S9T4",475392.6422,8327782.9446,1264.121,0.762,0.165,1265.048,"AGO","33S",FALSE
"ABG_5","P5","S9","TC","P5S9TC",475401.6255,8327781.1905,1264.0512,0.805,0.165,1265.0212,"AGO","33S",TRUE
"ABG_6","P6","S1","T1","P6S1T1",470317.475,8327683.0966,1279.1671,0.826,0.165,1280.1581,"AGO","33S",FALSE
"ABG_6","P6","S1","T2","P6S1T2",470318.2961,8327672.4364,1278.4378,0.831,0.165,1279.4338,"AGO","33S",FALSE
"ABG_6","P6","S1","T3","P6S1T3",470298.8117,8327671.9394,1277.2187,0.734,0.165,1278.1177,"AGO","33S",FALSE
"ABG_6","P6","S1","T4","P6S1T4",470298.6588,8327681.7898,1277.815,0.76,0.165,1278.74,"AGO","33S",FALSE
"ABG_6","P6","S1","TC","P6S1TC",470306.6777,8327675.1896,1277.4823,0.74,0.165,1278.3873,"AGO","33S",TRUE
"ABG_6","P6","S2","T1","P6S2T1",470352.7798,8327687.675,1280.0782,0.741,0.165,1280.9842,"AGO","33S",FALSE
"ABG_6","P6","S2","T2","P6S2T2",470352.3101,8327674.7869,1279.3259,0.742,0.165,1280.2329,"AGO","33S",FALSE
"ABG_6","P6","S2","T3","P6S2T3",470336.5884,8327670.902,1279.2034,0.771,0.165,1280.1394,"AGO","33S",FALSE
"ABG_6","P6","S2","T4","P6S2T4",470334.2232,8327686.0457,1279.8594,0.731,0.165,1280.7554,"AGO","33S",FALSE
"ABG_6","P6","S2","TC","P6S2TC",470341.3798,8327680.0873,1279.6091,0.756,0.165,1280.5301,"AGO","33S",TRUE
"ABG_6","P6","S3","T1","P6S3T1",470386.003,8327690.3942,1280.74,0.744,0.165,1281.649,"AGO","33S",FALSE
"ABG_6","P6","S3","T2","P6S3T2",470385.4951,8327680.2726,1280.1256,0.75,0.165,1281.0406,"AGO","33S",FALSE
"ABG_6","P6","S3","T3","P6S3T3",470370.1672,8327673.8147,1279.6475,0.743,0.165,1280.5555,"AGO","33S",FALSE
"ABG_6","P6","S3","T4","P6S3T4",470365.6815,8327694.2695,1280.6913,0.721,0.165,1281.5773,"AGO","33S",FALSE
"ABG_6","P6","S3","TC","P6S3TC",470376.2062,8327684.2662,1280.3743,0.764,0.165,1281.3033,"AGO","33S",TRUE
"ABG_6","P6","S4","T1","P6S4T1",470386.4647,8327656.9908,1278.6011,0.825,0.165,1279.5911,"AGO","33S",FALSE
"ABG_6","P6","S4","T2","P6S4T2",470385.6831,8327643.2331,1277.7898,0.822,0.165,1278.7768,"AGO","33S",FALSE
"ABG_6","P6","S4","T3","P6S4T3",470374.9006,8327642.5991,1277.6662,0.84,0.165,1278.6712,"AGO","33S",FALSE
"ABG_6","P6","S4","T4","P6S4T4",470373.1774,8327656.0193,1278.3755,0.86,0.165,1279.4005,"AGO","33S",FALSE
"ABG_6","P6","S4","TC","P6S4TC",470378.7341,8327648.0124,1277.9261,0.82,0.165,1278.9111,"AGO","33S",TRUE
"ABG_6","P6","S5","T1","P6S5T1",470350.8009,8327651.5242,1278.2449,0.788,0.165,1279.1979,"AGO","33S",FALSE
"ABG_6","P6","S5","T2","P6S5T2",470352.9941,8327639.9199,1277.4705,0.764,0.165,1278.3995,"AGO","33S",FALSE
"ABG_6","P6","S5","T3","P6S5T3",470332.7443,8327636.0906,1276.9195,0.776,0.165,1277.8605,"AGO","33S",FALSE
"ABG_6","P6","S5","T4","P6S5T4",470334.7161,8327652.1683,1277.894,0.796,0.165,1278.855,"AGO","33S",FALSE
"ABG_6","P6","S5","T5","P6S5T5",470344.6114,8327645.2226,1277.6923,0.756,0.165,1278.6133,"AGO","33S",TRUE
"ABG_6","P6","S6","T1","P6S6T1",470319.103,8327648.9006,1277.0701,0.75,0.165,1277.9851,"AGO","33S",FALSE
"ABG_6","P6","S6","T2","P6S6T2",470321.5593,8327636.0173,1276.53,0.769,0.165,1277.464,"AGO","33S",FALSE
"ABG_6","P6","S6","T3","P6S6T3",470303.171,8327634.3462,1275.6948,0.745,0.165,1276.6048,"AGO","33S",FALSE
"ABG_6","P6","S6","TC","P6S6TC",470310.5161,8327640.0089,1276.2878,0.699,0.165,1277.1518,"AGO","33S",TRUE
"ABG_6","P6","S7","T1","P6S7T1",470327.4582,8327605.9876,1275.2975,0.778,0.165,1276.2405,"AGO","33S",FALSE
"ABG_6","P6","S7","T2","P6S7T2",470323.4258,8327594.7938,1274.5968,0.829,0.165,1275.5908,"AGO","33S",FALSE
"ABG_6","P6","S7","T3","P6S7T3",470313.5533,8327592.2736,1274.2894,0.711,0.165,1275.1654,"AGO","33S",FALSE
"ABG_6","P6","S7","T4","P6S7T4",470308.4962,8327613.1394,1275.3201,0.686,0.165,1276.1711,"AGO","33S",FALSE
"ABG_6","P6","S7","TC","P6S7TC",470312.398,8327604.5971,1275.0197,0.66,0.165,1275.8447,"AGO","33S",TRUE
"ABG_6","P6","S8","T1","P6S8T1",470359.5396,8327611.2267,1275.6115,0.775,0.165,1276.5515,"AGO","33S",FALSE
"ABG_6","P6","S8","T2","P6S8T2",470361.2264,8327601.0332,1274.89,0.744,0.165,1275.799,"AGO","33S",FALSE
"ABG_6","P6","S8","T3","P6S8T3",470338.8151,8327598.9208,1274.9042,0.724,0.165,1275.7932,"AGO","33S",FALSE
"ABG_6","P6","S8","T4","P6S8T4",470337.3521,8327610.952,1275.5868,0.795,0.165,1276.5468,"AGO","33S",FALSE
"ABG_6","P6","S8","TC","P6S8TC",470346.7059,8327610.3766,1275.5373,0.822,0.165,1276.5243,"AGO","33S",TRUE
"ABG_6","P6","S9","T1","P6S9T1",470387.5389,8327620.0327,1276.0007,0.788,0.165,1276.9537,"AGO","33S",FALSE
"ABG_6","P6","S9","T2","P6S9T2",470386.3579,8327602.1843,1274.9465,0.755,0.165,1275.8665,"AGO","33S",FALSE
"ABG_6","P6","S9","T3","P6S9T3",470374.8422,8327605.0761,1275.4946,0.762,0.165,1276.4216,"AGO","33S",FALSE
"ABG_6","P6","S9","T4","P6S9T4",470375.8199,8327618.2406,1276.7376,0.828,0.165,1277.7306,"AGO","33S",FALSE
"ABG_6","P6","S9","TC","P6S9TC",470380.7689,8327614.2358,1278.7978,0.743,0.165,1279.7058,"AGO","33S",TRUE
"ABG_7","P7","S1","T2","P7S1T2",466881.7861,8327405.3721,1284.1306,0.635,0.165,1284.9306,"AGO","33S",FALSE
"ABG_7","P7","S1","T3","P7S1T3",466864.4396,8327407.5388,1284.8601,0.697,0.165,1285.7221,"AGO","33S",FALSE
"ABG_7","P7","S1","T4","P7S1T4",466867.9093,8327419.5061,1285.4829,0.679,0.165,1286.3269,"AGO","33S",FALSE
"ABG_7","P7","S1","TC","P7S1TC",466874.4474,8327410.8847,1284.6836,0.685,0.165,1285.5336,"AGO","33S",TRUE
"ABG_7","P7","S2","T1","P7S2T1",466919.2199,8327414.2422,1285.007,0.677,0.165,1285.849,"AGO","33S",FALSE
"ABG_7","P7","S2","T2","P7S2T2",466914.7044,8327403.1291,1283.9999,0.693,0.165,1284.8579,"AGO","33S",FALSE
"ABG_7","P7","S2","T3","P7S2T3",466903.41,8327402.8237,1283.7774,0.671,0.165,1284.6134,"AGO","33S",FALSE
"ABG_7","P7","S2","T4","P7S2T4",466903.5684,8327418.2785,1284.883,0.74,0.165,1285.788,"AGO","33S",FALSE
"ABG_7","P7","S2","TC","P7S2TC",466909.5806,8327407.7505,1284.2051,0.731,0.165,1285.1011,"AGO","33S",TRUE
"ABG_7","P7","S3","T1","P7S3T1",466951.8633,8327410.9929,1286.6126,0.713,0.165,1287.4906,"AGO","33S",FALSE
"ABG_7","P7","S3","T2","P7S3T2",466949.8496,8327394.2651,1285.4123,0.725,0.165,1286.3023,"AGO","33S",FALSE
"ABG_7","P7","S3","T3","P7S3T3",466937.1324,8327403.3408,1285.2144,0.732,0.165,1286.1114,"AGO","33S",FALSE
"ABG_7","P7","S3","T4","P7S3T4",466941.0355,8327412.3964,1286.0576,0.734,0.165,1286.9566,"AGO","33S",FALSE
"ABG_7","P7","S3","TC","P7S3TC",466946.7464,8327401.1487,1285.7228,0.691,0.165,1286.5788,"AGO","33S",TRUE
"ABG_7","P7","S4","T1","P7S4T1",466948.9173,8327371.2919,1283.7849,0.637,0.165,1284.5869,"AGO","33S",FALSE
"ABG_7","P7","S4","T2","P7S4T2",466945.1289,8327357.717,1282.4688,0.649,0.165,1283.2828,"AGO","33S",FALSE
"ABG_7","P7","S4","T3","P7S4T3",466938.494,8327363.209,1282.4532,0.701,0.165,1283.3192,"AGO","33S",FALSE
"ABG_7","P7","S4","T4","P7S4T4",466936.8056,8327373.8448,1283.062,0.667,0.165,1283.894,"AGO","33S",FALSE
"ABG_7","P7","S4","TC","P7S4TC",466942.9595,8327364.7509,1282.9272,0.69,0.165,1283.7822,"AGO","33S",TRUE
"ABG_7","P7","S5","T1","P7S5T1",466912.0467,8327376.8597,1282.1,0.721,0.165,1282.986,"AGO","33S",FALSE
"ABG_7","P7","S5","T2","P7S5T2",466913.1205,8327366.9277,1281.3641,0.7,0.165,1282.2291,"AGO","33S",FALSE
"ABG_7","P7","S5","T3","P7S5T3",466901.5351,8327365.5121,1281.2269,0.722,0.165,1282.1139,"AGO","33S",FALSE
"ABG_7","P7","S5","T4","P7S5T4",466898.4342,8327378.5752,1282.1037,0.69,0.165,1282.9587,"AGO","33S",FALSE
"ABG_7","P7","S5","TC","P7S5TC",466904.7212,8327370.7505,1281.5229,0.669,0.165,1282.3569,"AGO","33S",TRUE
"ABG_7","P7","S6","T1","P7S6T1",466878.4839,8327380.0707,1282.6585,0.695,0.165,1283.5185,"AGO","33S",FALSE
"ABG_7","P7","S6","T2","P7S6T2",466874.8343,8327368.3797,1282.3306,0.683,0.165,1283.1786,"AGO","33S",FALSE
"ABG_7","P7","S6","T3","P7S6T3",466859.9445,8327375.7767,1283.6681,0.683,0.165,1284.5161,"AGO","33S",FALSE
"ABG_7","P7","S6","T4","P7S6T4",466866.9564,8327384.3868,1283.5924,0.69,0.165,1284.4474,"AGO","33S",FALSE
"ABG_7","P7","S6","TC","P7S6TC",466869.0156,8327374.5012,1282.9596,0.679,0.165,1283.8036,"AGO","33S",TRUE
"ABG_7","P7","S7","T1","P7S7T1",466875.7269,8327338.6629,1281.0075,0.65,0.165,1281.8225,"AGO","33S",FALSE
"ABG_7","P7","S7","T2","P7S7T2",466865.187,8327330.5957,1281.49,0.695,0.165,1282.35,"AGO","33S",FALSE
"ABG_7","P7","S7","T3","P7S7T3",466856.19,8327337.8519,1282.3721,0.698,0.165,1283.2351,"AGO","33S",FALSE
"ABG_7","P7","S7","T4","P7S7T4",466861.6848,8327345.8751,1282.6258,0.66,0.165,1283.4508,"AGO","33S",FALSE
"ABG_7","P7","S7","TC","P7S7TC",466866.3128,8327340.798,1282.0223,0.665,0.165,1282.8523,"AGO","33S",TRUE
"ABG_7","P7","S8","T1","P7S8T1",466909.1915,8327335.6032,1279.3524,0.686,0.165,1280.2034,"AGO","33S",FALSE
"ABG_7","P7","S8","T2","P7S8T2",466908.5886,8327325.2948,1278.74,0.667,0.165,1279.572,"AGO","33S",FALSE
"ABG_7","P7","S8","T3","P7S8T3",466892.5738,8327325.5485,1279.1776,0.7,0.165,1280.0426,"AGO","33S",FALSE
"ABG_7","P7","S8","T4","P7S8T4",466892.9088,8327340.5893,1279.9294,0.719,0.165,1280.8134,"AGO","33S",FALSE
"ABG_7","P7","S8","TC","P7S8TC",466900.5936,8327331.2568,1279.1593,0.712,0.165,1280.0363,"AGO","33S",TRUE
"ABG_7","P7","S9","T1","P7S9T1",466943.8783,8327336.9642,1281.0434,0.79,0.165,1281.9984,"AGO","33S",FALSE
"ABG_7","P7","S9","T2","P7S9T2",466938.7115,8327318.1972,1279.1848,0.71,0.165,1280.0598,"AGO","33S",FALSE
"ABG_7","P7","S9","T3","P7S9T3",466926.1898,8327324.4762,1279.0357,0.71,0.165,1279.9107,"AGO","33S",FALSE
"ABG_7","P7","S9","T4","P7S9T4",466931.8884,8327339.8392,1280.4174,0.705,0.165,1281.2874,"AGO","33S",FALSE
"ABG_7","P7","S9","TC","P7S9TC",466936.1378,8327331.264,1280.0065,0.683,0.165,1280.8545,"AGO","33S",TRUE
"ABG_8","P8","S1","T1","P8S1T1",486201.3715,8329723.9525,1254.5682,0.649,0.165,1255.3822,"AGO","33S",FALSE
"ABG_8","P8","S1","T2","P8S1T2",486204.3352,8329712.0298,1254.0045,0.682,0.165,1254.8515,"AGO","33S",FALSE
"ABG_8","P8","S1","T3","P8S1T3",486191.6678,8329707.8102,1253.2763,0.681,0.165,1254.1223,"AGO","33S",FALSE
"ABG_8","P8","S1","T4","P8S1T4",486188.2833,8329719.224,1253.9078,0.698,0.165,1254.7708,"AGO","33S",FALSE
"ABG_8","P8","S1","TC","P8S1TC",486195.6709,8329713.3437,1253.8059,0.705,0.165,1254.6759,"AGO","33S",TRUE
"ABG_8","P8","S2","T1","P8S2T1",486225.5386,8329732.3658,1255.4232,0.711,0.165,1256.2992,"AGO","33S",FALSE
"ABG_8","P8","S2","T2","P8S2T2",486234.4405,8329726.4005,1255.2989,0.689,0.165,1256.1529,"AGO","33S",FALSE
"ABG_8","P8","S2","T3","P8S2T3",486231.6443,8329713.0523,1254.5646,0.689,0.165,1255.4186,"AGO","33S",FALSE
"ABG_8","P8","S2","T4","P8S2T4",486218.5445,8329719.3873,1254.6105,0.705,0.165,1255.4805,"AGO","33S",FALSE
"ABG_8","P8","S2","TC","P8S2TC",486228.8593,8329720.247,1254.9045,0.661,0.165,1255.7305,"AGO","33S",TRUE
"ABG_8","P8","S3","T1","P8S3T1",486267.1951,8329740.4916,1256.6029,0.705,0.165,1257.4729,"AGO","33S",FALSE
"ABG_8","P8","S3","T2","P8S3T2",486273.3159,8329726.5753,1255.9147,0.69,0.165,1256.7697,"AGO","33S",FALSE
"ABG_8","P8","S3","T3","P8S3T3",486265.0131,8329720.3671,1255.5392,0.672,0.165,1256.3762,"AGO","33S",FALSE
"ABG_8","P8","S3","T4","P8S3T4",486255.7263,8329734.1949,1256.0859,0.674,0.165,1256.9249,"AGO","33S",FALSE
"ABG_8","P8","S3","TC","P8S3TC",486264.0167,8329727.807,1256.1596,0.7,0.165,1257.0246,"AGO","33S",TRUE
"ABG_8","P8","S4","T1","P8S4T1",486279.0221,8329704.4181,1254.7296,0.696,0.165,1255.5906,"AGO","33S",FALSE
"ABG_8","P8","S4","T2","P8S4T2",486283.2204,8329693.2623,1254.0028,0.705,0.165,1254.8728,"AGO","33S",FALSE
"ABG_8","P8","S4","T3","P8S4T3",486272.2272,8329690.0691,1253.6921,0.682,0.165,1254.5391,"AGO","33S",FALSE
"ABG_8","P8","S4","T4","P8S4T4",486268.4409,8329698.4447,1254.3365,0.672,0.165,1255.1735,"AGO","33S",FALSE
"ABG_8","P8","S4","TC","P8S4TC",486275.567,8329696.7497,1254.3239,0.705,0.165,1255.1939,"AGO","33S",TRUE
"ABG_8","P8","S5","T1","P8S5T1",486239.6886,8329693.2209,1253.4379,0.682,0.165,1254.2849,"AGO","33S",FALSE
"ABG_8","P8","S5","T2","P8S5T2",486245.1544,8329686.5584,1253.0012,0.663,0.165,1253.8292,"AGO","33S",FALSE
"ABG_8","P8","S5","T3","P8S5T3",486240.8643,8329677.9151,1252.0689,0.69,0.165,1252.9239,"AGO","33S",FALSE
"ABG_8","P8","S5","T4","P8S5T4",486233.8488,8329683.1844,1252.348,0.71,0.165,1253.223,"AGO","33S",FALSE
"ABG_8","P8","S5","TC","P8S5TC",486240.6882,8329686.1571,1252.9028,0.65,0.165,1253.7178,"AGO","33S",TRUE
"ABG_8","P8","S6","T1","P8S6T1",486213.7717,8329687.4167,1252.1337,0.665,0.165,1252.9637,"AGO","33S",FALSE
"ABG_8","P8","S6","T2","P8S6T2",486214.5515,8329676.5701,1251.4174,0.656,0.165,1252.2384,"AGO","33S",FALSE
"ABG_8","P8","S6","T3","P8S6T3",486207.9119,8329672.3038,1250.9589,0.676,0.165,1251.7999,"AGO","33S",FALSE
"ABG_8","P8","S6","TC","P8S6TC",486208.1094,8329681.7947,1251.5454,0.695,0.165,1252.4054,"AGO","33S",TRUE
"ABG_8","P8","S7","T1","P8S7T1",486225.2304,8329656.127,1249.4922,0.662,0.165,1250.3192,"AGO","33S",FALSE
"ABG_8","P8","S7","T2","P8S7T2",486233.3739,8329641.4306,1248.6309,0.671,0.165,1249.4669,"AGO","33S",FALSE
"ABG_8","P8","S7","T3","P8S7T3",486217.2017,8329636.7931,1248.3131,0.67,0.165,1249.1481,"AGO","33S",FALSE
"ABG_8","P8","S7","T4","P8S7T4",486209.8564,8329646.5206,1248.6077,0.664,0.165,1249.4367,"AGO","33S",FALSE
"ABG_8","P8","S7","TC","P8S7TC",486221.5616,8329647.652,1248.9034,0.656,0.165,1249.7244,"AGO","33S",TRUE
"ABG_8","P8","S8","T1","P8S8T1",486256.2647,8329660.3784,1249.6094,0.667,0.165,1250.4414,"AGO","33S",FALSE
"ABG_8","P8","S8","T2","P8S8T2",486259.3794,8329644.7239,1248.2405,0.615,0.165,1249.0205,"AGO","33S",FALSE
"ABG_8","P8","S8","T3","P8S8T3",486247.2591,8329643.6068,1248.4653,0.614,0.165,1249.2443,"AGO","33S",FALSE
"ABG_8","P8","S8","T4","P8S8T4",486242.9782,8329653.8402,1249.2037,0.64,0.165,1250.0087,"AGO","33S",FALSE
"ABG_8","P8","S8","TC","P8S8TC",486253.3495,8329653.4244,1248.9545,0.594,0.165,1249.7135,"AGO","33S",TRUE
"ABG_8","P8","S9","T1","P8S9T1",486299.8894,8329664.7505,1250.4763,0.695,0.165,1251.3363,"AGO","33S",FALSE
"ABG_8","P8","S9","T2","P8S9T2",486294.1437,8329652.8934,1248.9472,0.682,0.165,1249.7942,"AGO","33S",FALSE
"ABG_8","P8","S9","T3","P8S9T3",486282.4662,8329656.6098,1249.3901,0.662,0.165,1250.2171,"AGO","33S",FALSE
"ABG_8","P8","S9","T4","P8S9T4",486287.3275,8329666.4081,1250.5386,0.646,0.165,1251.3496,"AGO","33S",FALSE
"ABG_8","P8","S9","TC","P8S9TC",486288.9127,8329661.1888,1249.8855,0.658,0.165,1250.7085,"AGO","33S",TRUE
"ABG_9","P9","S1","T1","P9S1T1",479972.5101,8319909.8947,1254.7313,0.615,0.165,1255.5113,"AGO","33S",FALSE
"ABG_9","P9","S1","T2","P9S1T2",479981.3651,8319897.5427,1253.7644,0.65,0.165,1254.5794,"AGO","33S",FALSE
"ABG_9","P9","S1","T3","P9S1T3",479973.9259,8319887.1011,1253.717,0.635,0.165,1254.517,"AGO","33S",FALSE
"ABG_9","P9","S1","T4","P9S1T4",479960.4366,8319895.9171,1255.7989,0.634,0.165,1256.5979,"AGO","33S",FALSE
"ABG_9","P9","S1","TC","P9S1TC",479970.81,8319899.4567,1255.8649,0.628,0.165,1256.6579,"AGO","33S",TRUE
"ABG_9","P9","S2","T3","P9S2T3",479994.6804,8319916.4629,1254.244,0.63,0.165,1255.039,"AGO","33S",FALSE
"ABG_9","P9","S2","T4","P9S2T4",479981.4083,8319922.423,1254.22,0.601,0.165,1254.986,"AGO","33S",FALSE
"ABG_9","P9","S2","TC","P9S2TC",479993.3489,8319927.5444,1254.1313,0.655,0.165,1254.9513,"AGO","33S",TRUE
"ABG_9","P9","S3","T1","P9S3T1",480017.8226,8319967.2925,1254.5893,0.636,0.165,1255.3903,"AGO","33S",FALSE
"ABG_9","P9","S3","T1","P9S3T1",480036.3832,8319941.3671,1254.1626,0.641,0.165,1254.9686,"AGO","33S",FALSE
"ABG_9","P9","S3","T2","P9S3T2",480029.06,8319954.3907,1254.4499,0.608,0.165,1255.2229,"AGO","33S",FALSE
"ABG_9","P9","S4","T2","P9S4T2",480050.895,8319937.0322,1254.0149,0.629,0.165,1254.8089,"AGO","33S",FALSE
"ABG_9","P9","S4","T3","P9S4T3",480014.6922,8319940.3301,1254.2574,0.615,0.165,1255.0374,"AGO","33S",FALSE
"ABG_9","P9","S4","T4","P9S4T4",480001.232,8319948.7425,1254.458,0.598,0.165,1255.221,"AGO","33S",FALSE
"ABG_9","P9","S4","TC","P9S4TC",480041.6338,8319932.2505,1254.4599,0.654,0.165,1255.2789,"AGO","33S",TRUE
"ABG_9","P9","S5","T1","P9S5T1",480012.9648,8319912.2171,1253.9528,0.598,0.165,1254.7158,"AGO","33S",FALSE
"ABG_9","P9","S5","T2","P9S5T2",480026.0844,8319913.6911,1253.9338,0.612,0.165,1254.7108,"AGO","33S",FALSE
"ABG_9","P9","S5","T4","P9S5T4",480015.7048,8319895.7166,1253.7302,0.634,0.165,1254.5292,"AGO","33S",FALSE
"ABG_9","P9","S5","TC","P9S5TC",480020.262,8319905.3772,1253.7989,0.601,0.165,1254.5649,"AGO","33S",TRUE
"ABG_9","P9","S6","T1","P9S6T1",479996.38,8319887.8606,1253.6199,0.6,0.165,1254.3849,"AGO","33S",FALSE
"ABG_9","P9","S6","T3","P9S6T3",479998.28,8319863.5022,1253.4972,0.582,0.165,1254.2442,"AGO","33S",FALSE
"ABG_9","P9","S6","T4","P9S6T4",479988.9526,8319874.8021,1253.6342,0.597,0.165,1254.3962,"AGO","33S",FALSE
"ABG_9","P9","S6","TC","P9S6TC",479998.8269,8319876.5157,1253.5341,0.595,0.165,1254.2941,"AGO","33S",TRUE
"ABG_9","P9","S7","T1","P9S7T1",480027.9909,8319865.7933,1253.1394,0.53,0.165,1253.8344,"AGO","33S",FALSE
"ABG_9","P9","S7","T2","P9S7T2",480038.3853,8319852.9976,1252.8268,0.639,0.165,1253.6308,"AGO","33S",FALSE
"ABG_9","P9","S7","T3","P9S7T3",480024.6601,8319841.3783,1252.7345,0.635,0.165,1253.5345,"AGO","33S",FALSE
"ABG_9","P9","S7","T4","P9S7T4",480013.3425,8319850.896,1253.0592,0.597,0.165,1253.8212,"AGO","33S",FALSE
"ABG_9","P9","S7","TC","P9S7TC",480026.2225,8319854.6198,1253.0337,0.624,0.165,1253.8227,"AGO","33S",TRUE
"ABG_9","P9","S8","T1","P9S8T1",480046.1719,8319893.2515,1253.406,0.6,0.165,1254.171,"AGO","33S",FALSE
"ABG_9","P9","S8","T2","P9S8T2",480057.1906,8319879.7377,1253.1468,0.621,0.165,1253.9328,"AGO","33S",FALSE
"ABG_9","P9","S8","T3","P9S8T3",480046.5311,8319873.4899,1253.1091,0.67,0.165,1253.9441,"AGO","33S",FALSE
"ABG_9","P9","S8","T4","P9S8T4",480037.0017,8319886.5588,1253.4794,0.635,0.165,1254.2794,"AGO","33S",FALSE
"ABG_9","P9","S9","T1","P9S9T1",480078.136,8319922.6012,1253.6925,0.635,0.165,1254.4925,"AGO","33S",FALSE
"ABG_9","P9","S9","T2","P9S9T2",480080.8192,8319906.8279,1253.3951,0.651,0.165,1254.2111,"AGO","33S",FALSE
"ABG_9","P9","S9","T4","P9S9T4",480065.3242,8319917.402,1253.6738,0.602,0.165,1254.4408,"AGO","33S",FALSE
"ABG_9","P9","S9","TC","P9S9TC",480069.1876,8319911.62,1252.7347,0.586,0.165,1253.4857,"AGO","33S",TRUE
"TKW_7","S3","S1","T1","S3S1T1",511651.7446,9014116.306,116.651,1.325,0.165,118.141,"TZA","37S",FALSE
"TKW_7","S3","S1","T2","S3S1T2",511649.4962,9014108.1136,116.6809,1.293,0.165,118.1389,"TZA","37S",FALSE
"TKW_7","S3","S1","T3","S3S1T3",511635.443,9014110.8888,116.7192,1.165,0.165,118.0492,"TZA","37S",FALSE
"TKW_7","S3","S1","T4","S3S1T4",511641.227,9014120.4589,116.7325,1.345,0.165,118.2425,"TZA","37S",FALSE
"TKW_7","S3","S1","T5","S3S1T5",511643.7296,9014113.996,116.7391,1.254,0.165,118.1581,"TZA","37S",TRUE
"TKW_7","S3","S2","T1","S3S2T1",511687.957,9014117.6856,116.3209,1.26,0.165,117.7459,"TZA","37S",FALSE
"TKW_7","S3","S2","T2","S3S2T2",511687.9871,9014109.0016,116.3944,1.175,0.165,117.7344,"TZA","37S",FALSE
"TKW_7","S3","S2","T3","S3S2T3",511672.3682,9014110.2909,116.4707,1.319,0.165,117.9547,"TZA","37S",FALSE
"TKW_7","S3","S2","T4","S3S2T4",511676.0107,9014120.8401,116.5206,1.309,0.165,117.9946,"TZA","37S",FALSE
"TKW_7","S3","S2","T5","S3S2T5",511678.4549,9014113.68,116.4639,1.353,0.165,117.9819,"TZA","37S",TRUE
"TKW_7","S3","S3","T1","S3S3T1",511720.5704,9014117.9008,116.145,1.314,0.165,117.624,"TZA","37S",FALSE
"TKW_7","S3","S3","T2","S3S3T2",511717.2409,9014104.6749,116.2256,1.276,0.165,117.6666,"TZA","37S",FALSE
"TKW_7","S3","S3","T3","S3S3T3",511708.0841,9014105.6563,116.1302,1.335,0.165,117.6302,"TZA","37S",FALSE
"TKW_7","S3","S3","T4","S3S3T4",511710.7533,9014114.3701,116.288,1.306,0.165,117.759,"TZA","37S",FALSE
"TKW_7","S3","S3","T5","S3S3T5",511713.4039,9014112.8647,116.1859,1.314,0.165,117.6649,"TZA","37S",TRUE
"TKW_7","S3","S4","T1","S3S4T1",511717.2999,9014085.9721,116.1444,1.157,0.165,117.4664,"TZA","37S",FALSE
"TKW_7","S3","S4","T2","S3S4T2",511716.4418,9014069.8787,116.0508,1.296,0.165,117.5118,"TZA","37S",FALSE
"TKW_7","S3","S4","T3","S3S4T3",511704.9265,9014075.6317,116.1525,1.232,0.165,117.5495,"TZA","37S",FALSE
"TKW_7","S3","S4","T4","S3S4T4",511707.3981,9014084.1232,116.3437,1.3,0.165,117.8087,"TZA","37S",FALSE
"TKW_7","S3","S4","T5","S3S4T5",511712.5193,9014077.79,116.1748,1.28,0.165,117.6198,"TZA","37S",TRUE
"TKW_7","S3","S5","T1","S3S5T1",511685.2257,9014081.5306,116.3828,1.295,0.165,117.8428,"TZA","37S",FALSE
"TKW_7","S3","S5","T2","S3S5T2",511680.117,9014069.9005,116.4657,1.3,0.165,117.9307,"TZA","37S",FALSE
"TKW_7","S3","S5","T3","S3S5T3",511671.6157,9014069.6124,116.5194,1.257,0.165,117.9414,"TZA","37S",FALSE
"TKW_7","S3","S5","T4","S3S5T4",511671.7942,9014080.988,116.4906,1.296,0.165,117.9516,"TZA","37S",FALSE
"TKW_7","S3","S6","T1","S3S6T1",511652.3605,9014080.5676,116.6409,1.26,0.165,118.0659,"TZA","37S",FALSE
"TKW_7","S3","S6","T2","S3S6T2",511645.142,9014067.1286,116.7527,1.27,0.165,118.1877,"TZA","37S",FALSE
"TKW_7","S3","S6","T3","S3S6T3",511638.9639,9014070.849,116.766,1.278,0.165,118.209,"TZA","37S",FALSE
"TKW_7","S3","S6","T4","S3S6T4",511637.5391,9014082.6904,116.7219,1.318,0.165,118.2049,"TZA","37S",FALSE
"TKW_7","S3","S6","T5","S3S6T5",511642.75,9014077.339,116.6929,1.283,0.165,118.1409,"TZA","37S",TRUE
"TKW_7","S3","S7","T1","S3S7T1",511646.5631,9014046.3777,116.7197,1.325,0.165,118.2097,"TZA","37S",FALSE
"TKW_7","S3","S7","T2","S3S7T2",511644.2396,9014033.4716,116.7777,1.272,0.165,118.2147,"TZA","37S",FALSE
"TKW_7","S3","S7","T3","S3S7T3",511633.3782,9014041.5237,116.7715,1.258,0.165,118.1945,"TZA","37S",FALSE
"TKW_7","S3","S7","T4","S3S7T4",511633.7861,9014050.2229,116.8,1.235,0.165,118.2,"TZA","37S",FALSE
"TKW_7","S3","S7","T5","S3S7T5",511641.1546,9014042.2961,116.7807,1.286,0.165,118.2317,"TZA","37S",TRUE
"TKW_7","S3","S8","T1","S3S8T1",511681.7028,9014046.6101,116.4858,1.336,0.165,117.9868,"TZA","37S",FALSE
"TKW_7","S3","S8","T2","S3S8T2",511686.4801,9014034.6027,116.3693,1.173,0.165,117.7073,"TZA","37S",FALSE
"TKW_7","S3","S8","T3","S3S8T3",511670.4011,9014035.4866,116.4671,1.348,0.165,117.9801,"TZA","37S",FALSE
"TKW_7","S3","S8","T4","S3S8T4",511671.7808,9014049.6793,116.5291,1.312,0.165,118.0061,"TZA","37S",FALSE
"TKW_7","S3","S8","T5","S3S8T5",511676.0458,9014041.95,116.5079,1.328,0.165,118.0009,"TZA","37S",TRUE
"TKW_7","S3","S9","T1","S3S9T1",511719.1549,9014046.8443,116.2187,1.273,0.165,117.6567,"TZA","37S",FALSE
"TKW_7","S3","S9","T2","S3S9T2",511719.9204,9014037.3664,116.012,1.285,0.165,117.462,"TZA","37S",FALSE
"TKW_7","S3","S9","T3","S3S9T3",511705.8378,9014035.6555,116.1862,1.382,0.165,117.7332,"TZA","37S",FALSE
"TKW_7","S3","S9","T4","S3S9T4",511706.4084,9014051.5526,116.1965,1.311,0.165,117.6725,"TZA","37S",FALSE
"TKW_9","S5","S1","T1","S5S1T1",500370.3023,8996456.1708,155.6043,1.222,0.165,156.9913,"TZA","37S",FALSE
"TKW_9","S5","S1","T2","S5S1T2",500370.5694,8996438.8508,155.4507,1.15,0.165,156.7657,"TZA","37S",FALSE
"TKW_9","S5","S1","T3","S5S1T3",500349.9061,8996443.4219,155.6111,1.305,0.165,157.0811,"TZA","37S",FALSE
"TKW_9","S5","S1","T4","S5S1T4",500349.235,8996461.738,155.7053,1.354,0.165,157.2243,"TZA","37S",FALSE
"TKW_9","S5","S1","T5","S5S1T5",500357.8747,8996454.8638,155.6492,1.13,0.165,156.9442,"TZA","37S",TRUE
"TKW_9","S5","S2","T1","S5S2T1",500402.0864,8996462.6458,155.604,1.13,0.165,156.899,"TZA","37S",FALSE
"TKW_9","S5","S2","T2","S5S2T2",500403.8611,8996446.8845,155.3317,1.21,0.165,156.7067,"TZA","37S",FALSE
"TKW_9","S5","S2","T3","S5S2T3",500385.0608,8996446.4098,155.467,1.19,0.165,156.822,"TZA","37S",FALSE
"TKW_9","S5","S2","T4","S5S2T4",500389.3332,8996464.5896,155.6725,1.341,0.165,157.1785,"TZA","37S",FALSE
"TKW_9","S5","S3","T1","S5S3T1",500431.1349,8996463.1726,155.2255,1.2,0.165,156.5905,"TZA","37S",FALSE
"TKW_9","S5","S3","T3","S5S3T3",500417.7458,8996445.4596,155.2032,1.19,0.165,156.5582,"TZA","37S",FALSE
"TKW_9","S5","S3","T4","S5S3T4",500416.3561,8996460.0336,155.3126,1.227,0.165,156.7046,"TZA","37S",FALSE
"TKW_9","S5","S3","T5","S5S3T5",500427.756,8996454.1059,155.1965,1.27,0.165,156.6315,"TZA","37S",TRUE
"TKW_9","S5","S4","T1","S5S4T1",500437.621,8996428.6073,155.0161,1.29,0.165,156.4711,"TZA","37S",FALSE
"TKW_9","S5","S4","T2","S5S4T2",500436.3606,8996411.3361,154.8805,1.21,0.165,156.2555,"TZA","37S",FALSE
"TKW_9","S5","S4","T3","S5S4T3",500420.9329,8996411.9569,155.1023,1.21,0.165,156.4773,"TZA","37S",FALSE
"TKW_9","S5","S4","T5","S5S4T5",500428.4795,8996419.1328,155.0649,1.3,0.165,156.5299,"TZA","37S",TRUE
"TKW_9","S5","S5","T1","S5S5T1",500401.29,8996429.7726,155.2101,1.26,0.165,156.6351,"TZA","37S",FALSE
"TKW_9","S5","S5","T3","S5S5T3",500384.0057,8996414.2756,155.2381,1.293,0.165,156.6961,"TZA","37S",FALSE
"TKW_9","S5","S5","T4","S5S5T4",500384.1296,8996429.8482,155.3714,1.35,0.165,156.8864,"TZA","37S",FALSE
"TKW_9","S5","S5","T5","S5S5T5",500393.2038,8996419.675,155.2672,1.302,0.165,156.7342,"TZA","37S",TRUE
"TKW_9","S5","S6","T1","S5S6T1",500369.0826,8996424.0035,155.389,1.23,0.165,156.784,"TZA","37S",FALSE
"TKW_9","S5","S6","T2","S5S6T2",500363.2945,8996414.7647,155.3625,1.36,0.165,156.8875,"TZA","37S",FALSE
"TKW_9","S5","S6","T3","S5S6T3",500351.3287,8996411.0435,155.4223,1.245,0.165,156.8323,"TZA","37S",FALSE
"TKW_9","S5","S6","T4","S5S6T4",500351.0345,8996423.1964,155.4736,1.231,0.165,156.8696,"TZA","37S",FALSE
"TKW_9","S5","S6","T5","S5S6T5",500359.8913,8996420.0063,155.4111,1.32,0.165,156.8961,"TZA","37S",TRUE
"TKW_9","S5","S7","T1","S5S7T1",500365.3849,8996390.1497,155.2456,1.315,0.165,156.7256,"TZA","37S",FALSE
"TKW_9","S5","S7","T2","S5S7T2",500365.3973,8996377.3906,155.2482,1.203,0.165,156.6162,"TZA","37S",FALSE
"TKW_9","S5","S7","T3","S5S7T3",500355.53,8996375.1264,155.1671,1.213,0.165,156.5451,"TZA","37S",FALSE
"TKW_9","S5","S7","T4","S5S7T4",500350.1814,8996385.0376,155.3857,1.217,0.165,156.7677,"TZA","37S",FALSE
"TKW_9","S5","S7","T5","S5S7T5",500357.8788,8996383.899,155.2498,1.308,0.165,156.7228,"TZA","37S",TRUE
"TKW_9","S5","S8","T1","S5S8T1",500403.4788,8996384.8117,155.15,1.195,0.165,156.51,"TZA","37S",FALSE
"TKW_9","S5","S8","T2","S5S8T2",500400.3933,8996375.2633,155.1088,1.284,0.165,156.5578,"TZA","37S",FALSE
"TKW_9","S5","S8","T3","S5S8T3",500387.0316,8996375.5865,155.096,1.28,0.165,156.541,"TZA","37S",FALSE
"TKW_9","S5","S8","T4","S5S8T4",500387.2764,8996391.7566,155.1287,1.3,0.165,156.5937,"TZA","37S",FALSE
"TKW_9","S5","S8","T5","S5S8T5",500393.3973,8996383.2998,155.1518,1.28,0.165,156.5968,"TZA","37S",TRUE
"TKW_9","S5","S9","T1","S5S9T1",500433.0122,8996388.9636,154.8185,1.3,0.165,156.2835,"TZA","37S",FALSE
"TKW_9","S5","S9","T1","S5S9T1",500433.0178,8996388.9612,154.829,1.3,0.165,156.294,"TZA","37S",FALSE
"TKW_9","S5","S9","T2","S5S9T2",500431.7046,8996374.0426,154.701,1.215,0.165,156.081,"TZA","37S",FALSE
"TKW_9","S5","S9","T3","S5S9T3",500422.386,8996374.7914,154.7327,1.297,0.165,156.1947,"TZA","37S",FALSE
"TKW_9","S5","S9","T5","S5S9T5",500428.1477,8996383.2469,154.7118,1.309,0.165,156.1858,"TZA","37S",TRUE
"TKW_10","S7","S1","T2","S7S1T2",501522.3534,8984813.1646,103.1141,1.341,0.165,104.6201,"TZA","37S",FALSE
"TKW_10","S7","S1","T3","S7S1T3",501506.2722,8984813.1723,103.2035,1.326,0.165,104.6945,"TZA","37S",FALSE
"TKW_10","S7","S1","T4","S7S1T4",501504.9142,8984827.4006,103.373,1.208,0.165,104.746,"TZA","37S",FALSE
"TKW_10","S7","S2","T1","S7S2T1",501554.5565,8984826.8655,102.9696,1.342,0.165,104.4766,"TZA","37S",FALSE
"TKW_10","S7","S2","T2","S7S2T2",501557.3343,8984813.6022,102.8055,1.175,0.165,104.1455,"TZA","37S",FALSE
"TKW_10","S7","S2","T3","S7S2T3",501544.5251,8984812.4772,102.9329,1.268,0.165,104.3659,"TZA","37S",FALSE
"TKW_10","S7","S2","T4","S7S2T4",501541.9437,8984829.6531,103.0577,1.269,0.165,104.4917,"TZA","37S",FALSE
"TKW_10","S7","S2","T5","S7S2T5",501549.5119,8984819.5815,102.8838,1.36,0.165,104.4088,"TZA","37S",TRUE
"TKW_10","S7","S3","T1","S7S3T1",501588.5633,8984828.6348,102.7751,1.172,0.165,104.1121,"TZA","37S",FALSE
"TKW_10","S7","S3","T2","S7S3T2",501590.5198,8984812.447,102.628,1.31,0.165,104.103,"TZA","37S",FALSE
"TKW_10","S7","S3","T3","S7S3T3",501577.6792,8984811.3303,102.6562,1.218,0.165,104.0392,"TZA","37S",FALSE
"TKW_10","S7","S3","T4","S7S3T4",501577.4704,8984826.5166,102.8226,1.257,0.165,104.2446,"TZA","37S",FALSE
"TKW_10","S7","S3","T5","S7S3T5",501583.6947,8984819.7112,102.7397,1.232,0.165,104.1367,"TZA","37S",TRUE
"TKW_10","S7","S4","T1","S7S4T1",501596.1043,8984789.3927,102.2867,1.233,0.165,103.6847,"TZA","37S",FALSE
"TKW_10","S7","S4","T2","S7S4T2",501591.8944,8984773.8426,102.1371,1.25,0.165,103.5521,"TZA","37S",FALSE
"TKW_10","S7","S4","T3","S7S4T3",501575.5029,8984771.7004,102.2223,1.43,0.165,103.8173,"TZA","37S",FALSE
"TKW_10","S7","S4","T4","S7S4T4",501577.7954,8984792.8939,102.4156,1.252,0.165,103.8326,"TZA","37S",FALSE
"TKW_10","S7","S4","T5","S7S4T5",501583.2952,8984783.9047,102.3027,1.325,0.165,103.7927,"TZA","37S",TRUE
"TKW_10","S7","S5","T1","S7S5T1",501562.2062,8984792.1464,102.5315,1.227,0.165,103.9235,"TZA","37S",FALSE
"TKW_10","S7","S5","T2","S7S5T2",501556.8573,8984774.3836,102.45,1.29,0.165,103.905,"TZA","37S",FALSE
"TKW_10","S7","S5","T3","S7S5T3",501542.0207,8984775.8588,102.5959,1.2,0.165,103.9609,"TZA","37S",FALSE
"TKW_10","S7","S5","T4","S7S5T4",501543.1548,8984794.1129,102.7343,1.277,0.165,104.1763,"TZA","37S",FALSE
"TKW_10","S7","S6","T1","S7S6T1",501522.3074,8984795.7003,102.9093,1.33,0.165,104.4043,"TZA","37S",FALSE
"TKW_10","S7","S6","T2","S7S6T2",501525.2584,8984779.2114,102.7409,1.321,0.165,104.2269,"TZA","37S",FALSE
"TKW_10","S7","S6","T3","S7S6T3",501504.8302,8984776.6564,102.8013,1.251,0.165,104.2173,"TZA","37S",FALSE
"TKW_10","S7","S6","T4","S7S6T4",501503.2196,8984791.0675,103.0306,1.247,0.165,104.4426,"TZA","37S",FALSE
"TKW_10","S7","S7","T1","S7S7T1",501520.7981,8984762.0689,102.5397,1.22,0.165,103.9247,"TZA","37S",FALSE
"TKW_10","S7","S7","T2","S7S7T2",501521.9995,8984742.7597,102.3017,1.327,0.165,103.7937,"TZA","37S",FALSE
"TKW_10","S7","S7","T3","S7S7T3",501503.6921,8984742.3803,102.4387,1.362,0.165,103.9657,"TZA","37S",FALSE
"TKW_10","S7","S7","T4","S7S7T4",501505.9014,8984757.6791,102.507,1.224,0.165,103.896,"TZA","37S",FALSE
"TKW_10","S7","S7","T5","S7S7T5",501513.1961,8984750.9722,102.4293,1.413,0.165,104.0073,"TZA","37S",TRUE
"TKW_10","S7","S8","T1","S7S8T1",501558.1342,8984759.3213,102.2427,1.211,0.165,103.6187,"TZA","37S",FALSE
"TKW_10","S7","S8","T2","S7S8T2",501555.0447,8984737.8729,102.0374,1.332,0.165,103.5344,"TZA","37S",FALSE
"TKW_10","S7","S8","T3","S7S8T3",501542.5379,8984739.2828,102.1199,1.34,0.165,103.6249,"TZA","37S",FALSE
"TKW_10","S7","S8","T4","S7S8T4",501543.1855,8984764.4816,102.441,1.272,0.165,103.878,"TZA","37S",FALSE
"TKW_10","S7","S8","T5","S7S8T5",501593.5178,8984760.2114,101.3847,1.283,0.165,102.8327,"TZA","37S",TRUE
"TKW_10","S7","S9","T1","S7S9T1",501593.5234,8984760.0242,101.9994,1.283,0.165,103.4474,"TZA","37S",FALSE
"TKW_10","S7","S9","T2","S7S9T2",501594.5988,8984741.9734,101.8195,1.37,0.165,103.3545,"TZA","37S",FALSE
"TKW_10","S7","S9","T3","S7S9T3",501573.7369,8984741.5551,101.9234,1.28,0.165,103.3684,"TZA","37S",FALSE
"TKW_10","S7","S9","T4","S7S9T4",501572.4182,8984758.9819,102.1351,1.324,0.165,103.6241,"TZA","37S",FALSE
"TKW_13","W11","S1","T1","W11S1T1",509099.988,9012945.9892,113.547,1.159,0.165,114.871,"TZA","37S",FALSE
"TKW_13","W11","S1","T2","W11S1T2",509098.6044,9012937.9066,113.5406,1.34,0.165,115.0456,"TZA","37S",FALSE
"TKW_13","W11","S1","T3","W11S1T3",509088.6372,9012936.3588,113.2807,1.243,0.165,114.6887,"TZA","37S",FALSE
"TKW_13","W11","S1","T4","W11S1T4",509087.02,9012948.0188,113.5575,1.18,0.165,114.9025,"TZA","37S",FALSE
"TKW_13","W11","S2","T2","W11S2T2",509135.7446,9012933.4025,112.9263,1.174,0.165,114.2653,"TZA","37S",FALSE
"TKW_13","W11","S2","T3","W11S2T3",509123.4193,9012934.8442,113.0331,1.198,0.165,114.3961,"TZA","37S",FALSE
"TKW_13","W11","S2","T5","W11S2T5",509126.9317,9012942.0229,113.1819,1.23,0.165,114.5769,"TZA","37S",TRUE
"TKW_13","W11","S3","T1","W11S3T1",509166.2005,9012947.1055,112.9619,1.22,0.165,114.3469,"TZA","37S",FALSE
"TKW_13","W11","S3","T2","W11S3T2",509169.5058,9012934.2839,112.6662,1.35,0.165,114.1812,"TZA","37S",FALSE
"TKW_13","W11","S3","T3","W11S3T3",509155.481,9012936.4783,112.8569,1.14,0.165,114.1619,"TZA","37S",FALSE
"TKW_13","W11","S3","T4","W11S3T4",509157.9615,9012947.9439,113.0818,1.27,0.165,114.5168,"TZA","37S",FALSE
"TKW_13","W11","S3","T5","W11S3T5",509162.9299,9012941.7259,112.898,1.19,0.165,114.253,"TZA","37S",TRUE
"TKW_13","W11","S4","T1","W11S4T1",509170.6741,9012908.5023,112.4233,1.19,0.165,113.7783,"TZA","37S",FALSE
"TKW_13","W11","S4","T2","W11S4T2",509169.3254,9012899.9163,112.2807,1.25,0.165,113.6957,"TZA","37S",FALSE
"TKW_13","W11","S4","T3","W11S4T3",509155.9939,9012898.7618,112.4048,1.165,0.165,113.7348,"TZA","37S",FALSE
"TKW_13","W11","S4","T5","W11S4T5",509162.9934,9012906.6742,112.5858,1.14,0.165,113.8908,"TZA","37S",TRUE
"TKW_13","W11","S5","T1","W11S5T1",509132.3168,9012911.5205,112.5731,1.095,0.165,113.8331,"TZA","37S",FALSE
"TKW_13","W11","S5","T3","W11S5T3",509119.822,9012899.4124,112.3156,1.256,0.165,113.7366,"TZA","37S",FALSE
"TKW_13","W11","S5","T4","W11S5T4",509120.8089,9012914.1538,112.5925,1.165,0.165,113.9225,"TZA","37S",FALSE
"TKW_13","W11","S5","T5","W11S5T5",509126.6555,9012907.1124,112.4324,1.252,0.165,113.8494,"TZA","37S",TRUE
"TKW_13","W11","S6","T1","W11S6T1",509101.4724,9012913.1695,112.8147,1.192,0.165,114.1717,"TZA","37S",FALSE
"TKW_13","W11","S6","T2","W11S6T2",509098.7695,9012899.8828,112.5255,1.246,0.165,113.9365,"TZA","37S",FALSE
"TKW_13","W11","S6","T3","W11S6T3",509083.6412,9012901.7134,112.9485,1.267,0.165,114.3805,"TZA","37S",FALSE
"TKW_13","W11","S6","T4","W11S6T4",509087.7746,9012916.6748,112.9628,1.279,0.165,114.4068,"TZA","37S",FALSE
"TKW_13","W11","S6","T5","W11S6T5",509094.0339,9012906.8757,112.7636,1.201,0.165,114.1296,"TZA","37S",TRUE
"TKW_13","W11","S7","T2","W11S7T2",509099.5401,9012865.5044,111.9038,1.275,0.165,113.3438,"TZA","37S",FALSE
"TKW_13","W11","S7","T3","W11S7T3",509087.2929,9012865.0247,111.9634,1.255,0.165,113.3834,"TZA","37S",FALSE
"TKW_13","W11","S7","T4","W11S7T4",509085.5361,9012875.0424,112.1339,1.213,0.165,113.5119,"TZA","37S",FALSE
"TKW_13","W11","S8","T1","W11S8T1",509132.8103,9012874.8966,112.1945,1.273,0.165,113.6325,"TZA","37S",FALSE
"TKW_13","W11","S8","T2","W11S8T2",509133.3937,9012864.0702,112.9689,1.268,0.165,114.4019,"TZA","37S",FALSE
"TKW_13","W11","S8","T3","W11S8T3",509120.9911,9012866.7418,112.0588,1.196,0.165,113.4198,"TZA","37S",FALSE
"TKW_13","W11","S8","T4","W11S8T4",509123.0978,9012872.9411,112.2997,1.251,0.165,113.7157,"TZA","37S",FALSE
"TKW_13","W11","S8","T5","W11S8T5",509126.6102,9012871.5094,112.1934,1.366,0.165,113.7244,"TZA","37S",TRUE
"TKW_13","W11","S9","T1","W11S9T1",509169.4734,9012880.2366,111.8465,1.275,0.165,113.2865,"TZA","37S",FALSE
"TKW_13","W11","S9","T2","W11S9T2",509169.544,9012863.6515,111.6029,1.162,0.165,112.9299,"TZA","37S",FALSE
"TKW_13","W11","S9","T3","W11S9T3",509155.7938,9012863.9331,111.6205,1.233,0.165,113.0185,"TZA","37S",FALSE
"TKW_13","W11","S9","T4","W11S9T4",509153.9755,9012876.817,111.85,1.15,0.165,113.165,"TZA","37S",FALSE
"TKW_13","W11","S9","T5","W11S9T5",509163.9129,9012871.7149,112.7516,1.236,0.165,114.1526,"TZA","37S",TRUE
"TKW_19","W18","S1","T1","W18S1T1",501234.1159,8994149.8477,137.3554,0.961,0.165,138.4814,"TZA","37S",FALSE
"TKW_19","W18","S1","T2","W18S1T2",501237.4011,8994137.4835,137.1466,1.028,0.165,138.3396,"TZA","37S",FALSE
"TKW_19","W18","S1","T3","W18S1T3",501219.9144,8994135.7517,137.3002,1.09,0.165,138.5552,"TZA","37S",FALSE
"TKW_19","W18","S1","T4","W18S1T4",501219.6408,8994146.5038,137.5303,0.981,0.165,138.6763,"TZA","37S",FALSE
"TKW_19","W18","S1","T5","W18S1T5",501230.5485,8994145.3878,137.8418,1.145,0.165,139.1518,"TZA","37S",TRUE
"TKW_19","W18","S2","T1","W18S2T1",501273.9025,8994148.7496,136.6709,1.076,0.165,137.9119,"TZA","37S",FALSE
"TKW_19","W18","S2","T2","W18S2T2",501272.9635,8994135.0988,136.4353,1.11,0.165,137.7103,"TZA","37S",FALSE
"TKW_19","W18","S2","T3","W18S2T3",501256.583,8994134.5131,136.7304,1.057,0.165,137.9524,"TZA","37S",FALSE
"TKW_19","W18","S2","T4","W18S2T4",501256.598,8994152.9262,137.0885,1.053,0.165,138.3065,"TZA","37S",FALSE
"TKW_19","W18","S2","T5","W18S2T5",501265.5307,8994144.1173,136.7527,1.02,0.165,137.9377,"TZA","37S",TRUE
"TKW_19","W18","S3","T2","W18S3T2",501306.469,8994132.4436,135.7466,1.24,0.165,137.1516,"TZA","37S",FALSE
"TKW_19","W18","S3","T3","W18S3T3",501294.3571,8994133.3052,136.0439,0.955,0.165,137.1639,"TZA","37S",FALSE
"TKW_19","W18","S3","T4","W18S3T4",501288.9998,8994149.5754,136.6025,1.064,0.165,137.8315,"TZA","37S",FALSE
"TKW_19","W18","S3","T5","W18S3T5",501300.5856,8994142.7658,136.0552,1.2,0.165,137.4202,"TZA","37S",TRUE
"TKW_19","W18","S4","T1","W18S4T1",501312.4133,8994112.1758,135.3432,1.1,0.165,136.6082,"TZA","37S",FALSE
"TKW_19","W18","S4","T2","W18S4T2",501307.8859,8994096.6218,135.0298,1.25,0.165,136.4448,"TZA","37S",FALSE
"TKW_19","W18","S4","T3","W18S4T3",501291.6175,8994101.4046,135.4737,1.211,0.165,136.8497,"TZA","37S",FALSE
"TKW_19","W18","S4","T4","W18S4T4",501296.3244,8994117.7916,135.6492,1.091,0.165,136.9052,"TZA","37S",FALSE
"TKW_19","W18","S4","T5","W18S4T5",501302.2695,8994107.5145,135.379,1.034,0.165,136.578,"TZA","37S",TRUE
"TKW_19","W18","S5","T1","W18S5T1",501276.3717,8994115.7615,135.9956,1.18,0.165,137.3406,"TZA","37S",FALSE
"TKW_19","W18","S5","T2","W18S5T2",501274.11,8994097.3076,135.6788,1.201,0.165,137.0448,"TZA","37S",FALSE
"TKW_19","W18","S5","T3","W18S5T3",501261.8868,8994101.5041,135.9378,1.215,0.165,137.3178,"TZA","37S",FALSE
"TKW_19","W18","S5","T5","W18S5T5",501266.1416,8994108.9006,136.0421,1.245,0.165,137.4521,"TZA","37S",TRUE
"TKW_19","W18","S6","T1","W18S6T1",501244.4373,8994109.6602,136.4542,1.34,0.165,137.9592,"TZA","37S",FALSE
"TKW_19","W18","S6","T2","W18S6T2",501240.9735,8994098.5235,136.2301,0.955,0.165,137.3501,"TZA","37S",FALSE
"TKW_19","W18","S6","T3","W18S6T3",501224.3659,8994101.9531,136.575,1.114,0.165,137.854,"TZA","37S",FALSE
"TKW_19","W18","S6","T4","W18S6T4",501226.9837,8994115.2282,136.7704,1.14,0.165,138.0754,"TZA","37S",FALSE
"TKW_19","W18","S6","T5","W18S6T5",501231.773,8994108.6942,136.5876,1.236,0.165,137.9886,"TZA","37S",TRUE
"TKW_19","W18","S7","T1","W18S7T1",501243.4041,8994080.9628,135.7846,1.182,0.165,137.1316,"TZA","37S",FALSE
"TKW_19","W18","S7","T2","W18S7T2",501244.734,8994069.229,135.5668,1.083,0.165,136.8148,"TZA","37S",FALSE
"TKW_19","W18","S7","T3","W18S7T3",501227.6472,8994063.4415,135.6694,1.14,0.165,136.9744,"TZA","37S",FALSE
"TKW_19","W18","S7","T4","W18S7T4",501222.3633,8994079.7749,136.0484,1.208,0.165,137.4214,"TZA","37S",FALSE
"TKW_19","W18","S7","T5","W18S7T5",501232.8067,8994073.7313,135.7965,1.182,0.165,137.1435,"TZA","37S",TRUE
"TKW_19","W18","S8","T1","W18S8T1",501276.7115,8994082.9317,135.3227,1.293,0.165,136.7807,"TZA","37S",FALSE
"TKW_19","W18","S8","T3","W18S8T3",501259.5519,8994068.2501,135.3262,1.285,0.165,136.7762,"TZA","37S",FALSE
"TKW_19","W18","S8","T4","W18S8T4",501255.4025,8994080.8857,135.5773,1.35,0.165,137.0923,"TZA","37S",FALSE
"TKW_19","W18","S9","T1","W18S9T1",501312.2133,8994080.17,134.7621,1.342,0.165,136.2691,"TZA","37S",FALSE
"TKW_19","W18","S9","T2","W18S9T2",501312.0175,8994067.7974,134.5195,1.35,0.165,136.0345,"TZA","37S",FALSE
"TKW_19","W18","S9","T3","W18S9T3",501293.6813,8994066.9172,134.2855,1.68,0.165,136.1305,"TZA","37S",FALSE
"TKW_19","W18","S9","T4","W18S9T4",501295.3572,8994081.8581,135.052,1.25,0.165,136.467,"TZA","37S",FALSE
"TKW_19","W18","S9","T5","W18S9T5",501302.9813,8994072.4653,134.7938,1.232,0.165,136.1908,"TZA","37S",TRUE
"TKW_21","W26","S1","T1","W26S1T1",500635.1324,8975463.2138,148.5685,1.284,0.165,150.0175,"TZA","37S",FALSE
"TKW_21","W26","S1","T2","W26S1T2",500632.3271,8975455.479,148.0257,1.24,0.165,149.4307,"TZA","37S",FALSE
"TKW_21","W26","S1","T3","W26S1T3",500622.6666,8975454.2474,146.679,1.22,0.165,148.064,"TZA","37S",FALSE
"TKW_21","W26","S1","T4","W26S1T4",500619.9992,8975465.4471,147.6827,1.264,0.165,149.1117,"TZA","37S",FALSE
"TKW_21","W26","S1","T5","W26S1T5",500625.361,8975459.5694,147.5712,1.125,0.165,148.8612,"TZA","37S",TRUE
"TKW_21","W26","S2","T1","W26S2T1",500669.123,8975470.4401,147.688,1.235,0.165,149.088,"TZA","37S",FALSE
"TKW_21","W26","S2","T2","W26S2T2",500666.7462,8975456.5296,148.4711,1.3,0.165,149.9361,"TZA","37S",FALSE
"TKW_21","W26","S2","T3","W26S2T3",500659.0509,8975453.6339,146.75,1.1,0.165,148.015,"TZA","37S",FALSE
"TKW_21","W26","S2","T4","W26S2T4",500657.5814,8975465.3192,147.3611,1.297,0.165,148.8231,"TZA","37S",FALSE
"TKW_21","W26","S2","T5","W26S2T5",500663.0563,8975460.318,147.5413,1.195,0.165,148.9013,"TZA","37S",TRUE
"TKW_21","W26","S3","T1","W26S3T1",500706.4196,8975471.2892,147.1649,1.26,0.165,148.5899,"TZA","37S",FALSE
"TKW_21","W26","S3","T2","W26S3T2",500703.7524,8975461.3832,147.1771,1.305,0.165,148.6471,"TZA","37S",FALSE
"TKW_21","W26","S3","T3","W26S3T3",500692.0839,8975458.5881,147.11,1.209,0.165,148.484,"TZA","37S",FALSE
"TKW_21","W26","S3","T4","W26S3T4",500692.6385,8975470.3112,145.6242,1.185,0.165,146.9742,"TZA","37S",FALSE
"TKW_21","W26","S3","T5","W26S3T5",500697.648,8975461.7875,150.1987,1.224,0.165,151.5877,"TZA","37S",TRUE
"TKW_21","W26","S4","T1","W26S4T1",500706.481,8975436.1522,147.0603,1.19,0.165,148.4153,"TZA","37S",FALSE
"TKW_21","W26","S4","T2","W26S4T2",500708.604,8975423.9628,146.9027,1.31,0.165,148.3777,"TZA","37S",FALSE
"TKW_21","W26","S4","T3","W26S4T3",500695.7815,8975419.4307,147.0952,1.113,0.165,148.3732,"TZA","37S",FALSE
"TKW_21","W26","S4","T4","W26S4T4",500689.5648,8975429.5491,149.0596,1.199,0.165,150.4236,"TZA","37S",FALSE
"TKW_21","W26","S4","T5","W26S4T5",500698.468,8975428.0694,148.4485,1.28,0.165,149.8935,"TZA","37S",TRUE
"TKW_21","W26","S5","T1","W26S5T1",500671.1344,8975435.1727,147.5333,1.28,0.165,148.9783,"TZA","37S",FALSE
"TKW_21","W26","S5","T2","W26S5T2",500669.2254,8975423.6346,147.5605,1.274,0.165,148.9995,"TZA","37S",FALSE
"TKW_21","W26","S5","T3","W26S5T3",500662.4067,8975425.1167,147.6257,1.201,0.165,148.9917,"TZA","37S",FALSE
"TKW_21","W26","S5","T4","W26S5T4",500661.5912,8975436.4021,147.9243,1.339,0.165,149.4283,"TZA","37S",FALSE
"TKW_21","W26","S5","T5","W26S5T5",500664.0117,8975425.8486,147.59,1.25,0.165,149.005,"TZA","37S",TRUE
"TKW_21","W26","S7","T1","W26S7T1",500634.2107,8975392.6171,148.1512,1.28,0.165,149.5962,"TZA","37S",FALSE
"TKW_21","W26","S7","T2","W26S7T2",500636.5849,8975384.0899,148.098,1.277,0.165,149.54,"TZA","37S",FALSE
"TKW_21","W26","S7","T3","W26S7T3",500622.9624,8975383.4916,149.0004,1.225,0.165,150.3904,"TZA","37S",FALSE
"TKW_21","W26","S7","T4","W26S7T4",500627.2618,8975391.8491,149.0725,1.17,0.165,150.4075,"TZA","37S",FALSE
"TKW_21","W26","S7","T5","W26S7T5",500629.4388,8975389.1423,148.2017,1.24,0.165,149.6067,"TZA","37S",TRUE
"TKW_21","W26","S8","T1","W26S8T1",500670.604,8975395.8765,147.4253,1.24,0.165,148.8303,"TZA","37S",FALSE
"TKW_21","W26","S8","T2","W26S8T2",500668.9427,8975381.9451,147.9967,1.228,0.165,149.3897,"TZA","37S",FALSE
"TKW_21","W26","S8","T3","W26S8T3",500654.7468,8975382.5665,146.572,1.271,0.165,148.008,"TZA","37S",FALSE
"TKW_21","W26","S8","T4","W26S8T4",500654.7223,8975392.2115,147.6813,1.228,0.165,149.0743,"TZA","37S",FALSE
"TKW_21","W26","S8","T5","W26S8T5",500663.2515,8975390.9383,147.3129,1.228,0.165,148.7059,"TZA","37S",TRUE
"TKW_21","W26","S9","T1","W26S9T1",500706.9946,8975397.186,145.1793,1.25,0.165,146.5943,"TZA","37S",FALSE
"TKW_21","W26","S9","T2","W26S9T2",500707.4089,8975384.0626,143.3366,1.22,0.165,144.7216,"TZA","37S",FALSE
"TKW_21","W26","S9","T3","W26S9T3",500694.9553,8975380.8853,149.0604,1.149,0.165,150.3744,"TZA","37S",FALSE
"TKW_21","W26","S9","T4","W26S9T4",500695.1284,8975395.9619,141.9524,1.245,0.165,143.3624,"TZA","37S",FALSE
"TKW_21","W26","S9","T5","W26S9T5",500699.1587,8975391.6107,146.7293,1.22,0.165,148.1143,"TZA","37S",TRUE
"TKW_25","W9","S1","T1","W9S1T1",505266.459,9013165.1192,97.7167,1.21,0.165,99.0917,"TZA","37S",FALSE
"TKW_25","W9","S1","T2","W9S1T2",505266.6701,9013155.5501,97.3256,1.182,0.165,98.6726,"TZA","37S",FALSE
"TKW_25","W9","S1","T3","W9S1T3",505251.6049,9013156.2232,97.1338,1.34,0.165,98.6388,"TZA","37S",FALSE
"TKW_25","W9","S1","T4","W9S1T4",505253.605,9013164.0978,97.6936,1.255,0.165,99.1136,"TZA","37S",FALSE
"TKW_25","W9","S1","T5","W9S1T5",505259.7969,9013160.1501,97.429,1.235,0.165,98.829,"TZA","37S",TRUE
"TKW_25","W9","S2","T1","W9S2T1",505300.1641,9013166.7878,97.8909,1.255,0.165,99.3109,"TZA","37S",FALSE
"TKW_25","W9","S2","T2","W9S2T2",505301.4771,9013152.4593,97.4159,1.236,0.165,98.8169,"TZA","37S",FALSE
"TKW_25","W9","S2","T3","W9S2T3",505289.6601,9013152.3507,97.3142,1.322,0.165,98.8012,"TZA","37S",FALSE
"TKW_25","W9","S2","T4","W9S2T4",505288.8601,9013167.2745,97.8305,1.156,0.165,99.1515,"TZA","37S",FALSE
"TKW_25","W9","S2","T5","W9S2T5",505294.2162,9013160.1718,97.6817,1.158,0.165,99.0047,"TZA","37S",TRUE
"TKW_25","W9","S3","T1","W9S3T1",505331.9875,9013167.0756,98.2376,1.295,0.165,99.6976,"TZA","37S",FALSE
"TKW_25","W9","S3","T2","W9S3T2",505335.1733,9013150.8574,97.7167,1.308,0.165,99.1897,"TZA","37S",FALSE
"TKW_25","W9","S3","T3","W9S3T3",505324.5915,9013150.2302,97.8437,1.273,0.165,99.2817,"TZA","37S",FALSE
"TKW_25","W9","S3","T4","W9S3T4",505324.2907,9013161.467,98.9295,1.312,0.165,100.4065,"TZA","37S",FALSE
"TKW_25","W9","S4","T1","W9S4T1",505338.5718,9013127.8136,96.9483,1.277,0.165,98.3903,"TZA","37S",FALSE
"TKW_25","W9","S4","T2","W9S4T2",505335.4027,9013116.9833,96.63,1.324,0.165,98.119,"TZA","37S",FALSE
"TKW_25","W9","S4","T3","W9S4T3",505324.6535,9013118.3059,96.5008,1.208,0.165,97.8738,"TZA","37S",FALSE
"TKW_25","W9","S4","T4","W9S4T4",505325.1848,9013130.0065,96.9723,1.284,0.165,98.4213,"TZA","37S",FALSE
"TKW_25","W9","S5","T1","W9S5T1",505300.1718,9013134.2978,96.8359,1.247,0.165,98.2479,"TZA","37S",FALSE
"TKW_25","W9","S5","T2","W9S5T2",505303.5776,9013120.0637,96.5078,1.328,0.165,98.0008,"TZA","37S",FALSE
"TKW_25","W9","S5","T3","W9S5T3",505288.2491,9013119.2324,96.2623,1.328,0.165,97.7553,"TZA","37S",FALSE
"TKW_25","W9","S5","T4","W9S5T4",505288.1367,9013133.629,96.7029,1.231,0.165,98.0989,"TZA","37S",FALSE
"TKW_25","W9","S6","T1","W9S6T1",505265.4397,9013133.186,96.4696,1.279,0.165,97.9136,"TZA","37S",FALSE
"TKW_25","W9","S6","T2","W9S6T2",505264.8523,9013123.3149,96.4575,1.225,0.165,97.8475,"TZA","37S",FALSE
"TKW_25","W9","S6","T3","W9S6T3",505255.6303,9013120.6275,96.3624,1.229,0.165,97.7564,"TZA","37S",FALSE
"TKW_25","W9","S6","T4","W9S6T4",505254.2249,9013133.8663,96.3121,1.315,0.165,97.7921,"TZA","37S",FALSE
"TKW_25","W9","S6","T5","W9S6T5",505259.0318,9013125.7108,96.424,1.235,0.165,97.824,"TZA","37S",TRUE
"TKW_25","W9","S7","T1","W9S7T1",505267.0201,9013095.8337,95.4682,1.257,0.165,96.8902,"TZA","37S",FALSE
"TKW_25","W9","S7","T2","W9S7T2",505265.8019,9013083.6892,95.0535,1.314,0.165,96.5325,"TZA","37S",FALSE
"TKW_25","W9","S7","T3","W9S7T3",505252.5951,9013086.7322,95.0684,1.355,0.165,96.5884,"TZA","37S",FALSE
"TKW_25","W9","S7","T4","W9S7T4",505256.0093,9013097.4681,95.4363,1.321,0.165,96.9223,"TZA","37S",FALSE
"TKW_25","W9","S7","T5","W9S7T5",505260.506,9013090.2172,95.2294,1.172,0.165,96.5664,"TZA","37S",TRUE
"TKW_25","W9","S8","T1","W9S8T1",505300.5839,9013096.7494,95.8441,1.341,0.165,97.3501,"TZA","37S",FALSE
"TKW_25","W9","S8","T2","W9S8T2",505301.605,9013083.3683,95.3758,1.215,0.165,96.7558,"TZA","37S",FALSE
"TKW_25","W9","S8","T3","W9S8T3",505290.3982,9013084.2046,95.2485,1.273,0.165,96.6865,"TZA","37S",FALSE
"TKW_25","W9","S8","T4","W9S8T4",505289.4747,9013094.8366,95.6327,1.33,0.165,97.1277,"TZA","37S",FALSE
"TKW_25","W9","S9","T1","W9S9T1",505338.5714,9013095.7539,96.0216,1.252,0.165,97.4386,"TZA","37S",FALSE
"TKW_25","W9","S9","T2","W9S9T2",505336.0552,9013082.6508,95.6033,1.3,0.165,97.0683,"TZA","37S",FALSE
"TKW_25","W9","S9","T3","W9S9T3",505326.6758,9013083.4251,95.5724,1.271,0.165,97.0084,"TZA","37S",FALSE
"TKW_25","W9","S9","T4","W9S9T4",505324.808,9013096.8185,95.9067,1.202,0.165,97.2737,"TZA","37S",FALSE
